date,ta_max,ta_min,ta_avg,rn_day,hm_avg,ws_avg,gdd,heat_stress,frost_risk,dry_day
20220101,4.9,-11.6,,0.0,,,0.0,0.0,11.6,1
20220102,8.0,-10.4,,0.0,,,0.0,0.0,10.4,1
20220103,6.1,-10.5,,0.0,,,0.0,0.0,10.5,1
20220104,7.8,-6.0,,0.0,,,0.0,0.0,6.0,1
20220105,3.8,-8.3,,0.0,,,0.0,0.0,8.3,1
20220106,7.6,-6.7,,0.0,,,0.0,0.0,6.7,1
20220107,8.1,-10.6,,0.0,,,0.0,0.0,10.6,1
20220108,8.8,-10.5,,0.0,,,0.0,0.0,10.5,1
20220109,8.3,-6.0,,0.0,,,0.0,0.0,6.0,1
20220110,9.2,-7.5,,0.0,,,0.0,0.0,7.5,1
20220111,3.8,-6.5,,0.0,,,0.0,0.0,6.5,1
20220112,2.6,-10.1,,0.0,,,0.0,0.0,10.1,1
20220113,0.6,-9.5,,0.0,,,0.0,0.0,9.5,1
20220114,4.1,-11.9,,0.0,,,0.0,0.0,11.9,1
20220115,8.0,-8.4,,0.0,,,0.0,0.0,8.4,1
20220116,7.4,-5.3,,0.0,,,0.0,0.0,5.3,1
20220117,4.9,-5.5,,0.0,,,0.0,0.0,5.5,1
20220118,2.7,-9.9,,0.0,,,0.0,0.0,9.9,1
20220119,6.2,-12.1,,0.0,,,0.0,0.0,12.1,1
20220120,4.6,-9.0,,0.0,,,0.0,0.0,9.0,1
20220121,7.0,-12.0,,0.0,,,0.0,0.0,12.0,1
20220122,10.3,-8.9,,0.0,,,0.0,0.0,8.9,1
20220123,13.1,-0.5,,0.0,,,1.2999999999999998,0.0,0.5,1
20220124,7.5,-0.9,,0.0,,,0.0,0.0,0.9,1
20220125,7.1,0.2,,0.0,,,0.0,0.0,0.0,1
20220126,7.9,-3.6,,0.0,,,0.0,0.0,3.6,1
20220127,9.3,-5.1,,0.0,,,0.0,0.0,5.1,1
20220128,6.9,-5.0,,0.0,,,0.0,0.0,5.0,1
20220129,5.6,-4.1,,0.0,,,0.0,0.0,4.1,1
20220130,6.6,-6.2,,0.0,,,0.0,0.0,6.2,1
20220131,7.8,-10.0,,0.0,,,0.0,0.0,10.0,1
20220201,4.6,-6.7,,0.0,,,0.0,0.0,6.7,1
20220202,6.3,-8.6,,0.0,,,0.0,0.0,8.6,1
20220203,5.6,-6.9,,0.0,,,0.0,0.0,6.9,1
20220204,4.6,-8.4,,0.0,,,0.0,0.0,8.4,1
20220205,1.5,-6.3,,0.0,,,0.0,0.0,6.3,1
20220206,4.5,-8.8,,0.0,,,0.0,0.0,8.8,1
20220207,3.7,-8.2,,0.0,,,0.0,0.0,8.2,1
20220208,7.4,-8.0,,0.0,,,0.0,0.0,8.0,1
20220209,9.7,-9.2,,0.0,,,0.0,0.0,9.2,1
20220210,11.1,-3.7,,0.0,,,0.0,0.0,3.7,1
20220211,11.3,-8.1,,0.0,,,0.0,0.0,8.1,1
20220212,12.9,-5.6,,0.0,,,0.0,0.0,5.6,1
20220213,12.3,-2.6,,0.0,,,0.0,0.0,2.6,1
20220214,12.3,-2.1,,0.0,,,0.10000000000000053,0.0,2.1,1
20220215,5.9,-6.7,,0.0,,,0.0,0.0,6.7,1
20220216,0.3,-7.7,,0.0,,,0.0,0.0,7.7,1
20220217,1.7,-9.2,,0.0,,,0.0,0.0,9.2,1
20220218,7.9,-12.7,,0.0,,,0.0,0.0,12.7,1
20220219,7.3,-3.2,,0.0,,,0.0,0.0,3.2,1
20220220,2.0,-5.5,,0.0,,,0.0,0.0,5.5,1
20220221,7.3,-8.7,,0.0,,,0.0,0.0,8.7,1
20220222,4.4,-4.1,,0.0,,,0.0,0.0,4.1,1
20220223,3.1,-6.4,,0.0,,,0.0,0.0,6.4,1
20220224,7.4,-11.0,,0.0,,,0.0,0.0,11.0,1
20220225,11.8,-8.6,,0.0,,,0.0,0.0,8.6,1
20220226,14.9,-6.9,,0.0,,,0.0,0.0,6.9,1
20220227,13.2,-4.2,,0.0,,,0.0,0.0,4.2,1
20220228,15.9,-6.9,,0.0,,,0.0,0.0,6.9,1
20220301,16.7,3.4,,0.0,,,5.049999999999999,0.0,0.0,1
20220302,12.7,-4.1,,0.0,,,0.0,0.0,4.1,1
20220303,15.2,-6.0,,0.0,,,0.0,0.0,6.0,1
20220304,16.8,-4.2,,0.0,,,1.3000000000000007,0.0,4.2,1
20220305,11.1,-1.8,,0.0,,,0.0,0.0,1.8,1
20220306,10.4,-5.1,,0.0,,,0.0,0.0,5.1,1
20220307,12.6,-4.8,,0.0,,,0.0,0.0,4.8,1
20220308,16.2,-5.3,,0.0,,,0.4499999999999993,0.0,5.3,1
20220309,18.0,-3.4,,0.0,,,2.3,0.0,3.4,1
20220310,18.6,-0.6,,0.0,,,4.0,0.0,0.6,1
20220311,19.2,-0.4,,0.0,,,4.4,0.0,0.4,1
20220312,23.1,2.8,,0.0,,,7.950000000000001,0.0,0.0,1
20220313,17.5,12.2,,1.0,,,9.85,0.0,0.0,0
20220314,13.5,5.3,,0.0,,,4.4,0.0,0.0,1
20220315,19.8,1.4,,0.0,,,5.6,0.0,0.0,1
20220316,22.7,0.2,,0.0,,,6.449999999999999,0.0,0.0,1
20220317,12.0,5.8,,6.0,,,3.9000000000000004,0.0,0.0,0
20220318,7.8,3.8,,9.0,,,0.7999999999999998,0.0,0.0,0
20220319,7.5,1.5,,5.0,,,0.0,0.0,0.0,0
20220320,10.4,-0.2,,0.0,,,0.10000000000000053,0.0,0.2,1
20220321,13.6,-0.9,,0.0,,,1.3499999999999996,0.0,0.9,1
20220322,13.8,0.6,,0.0,,,2.2,0.0,0.0,1
20220323,11.2,0.2,,0.0,,,0.6999999999999993,0.0,0.0,1
20220324,16.5,-2.5,,0.0,,,2.0,0.0,2.5,1
20220325,19.5,3.2,,2.5,,,6.35,0.0,0.0,0
20220326,19.4,7.8,,17.5,,,8.6,0.0,0.0,0
20220327,19.7,5.4,,0.0,,,7.550000000000001,0.0,0.0,1
20220328,15.3,-1.2,,0.0,,,2.0500000000000007,0.0,1.2,1
20220329,19.4,-1.0,,0.0,,,4.199999999999999,0.0,1.0,1
20220330,22.2,2.2,,0.0,,,7.199999999999999,0.0,0.0,1
20220331,15.4,6.6,,0.0,,,6.0,0.0,0.0,1
20220401,14.1,1.8,,0.5,,,2.95,0.0,0.0,1
20220402,17.4,-1.0,,0.0,,,3.1999999999999993,0.0,1.0,1
20220403,18.9,-0.8,,0.0,,,4.049999999999999,0.0,0.8,1
20220404,20.6,1.2,,0.0,,,5.9,0.0,0.0,1
20220405,21.0,0.6,,0.0,,,5.800000000000001,0.0,0.0,1
20220406,23.2,3.9,,0.0,,,8.549999999999999,0.0,0.0,1
20220407,20.2,5.0,,1.5,,,7.6,0.0,0.0,0
20220408,24.4,2.0,,0.0,,,8.2,0.0,0.0,1
20220409,28.0,5.5,,0.0,,,11.75,0.0,0.0,1
20220410,26.8,6.6,,0.0,,,11.7,0.0,0.0,1
20220411,27.0,10.3,,0.0,,,13.649999999999999,0.0,0.0,1
20220412,29.7,12.6,,0.0,,,16.15,0.0,0.0,1
20220413,19.3,8.7,,1.0,,,9.0,0.0,0.0,0
20220414,13.9,8.4,,0.5,,,6.15,0.0,0.0,1
20220415,20.4,8.2,,0.0,,,9.299999999999999,0.0,0.0,1
20220416,21.7,1.7,,0.0,,,6.699999999999999,0.0,0.0,1
20220417,23.3,1.5,,0.0,,,7.4,0.0,0.0,1
20220418,24.6,7.0,,0.0,,,10.8,0.0,0.0,1
20220419,25.9,4.6,,0.0,,,10.25,0.0,0.0,1
20220420,26.5,3.5,,0.0,,,10.0,0.0,0.0,1
20220421,18.2,6.6,,0.5,,,7.399999999999999,0.0,0.0,1
20220422,28.1,6.2,,0.0,,,12.150000000000002,0.0,0.0,1
20220423,27.0,11.9,,0.0,,,14.45,0.0,0.0,1
20220424,30.2,9.3,,0.0,,,14.75,0.1999999999999993,0.0,1
20220425,28.3,10.9,,3.0,,,14.600000000000001,0.0,0.0,0
20220426,20.5,15.6,,16.5,,,13.05,0.0,0.0,0
20220427,21.4,10.2,,0.0,,,10.799999999999999,0.0,0.0,1
20220428,23.5,8.0,,0.0,,,10.75,0.0,0.0,1
20220429,14.1,9.1,,11.5,,,6.6,0.0,0.0,0
20220430,18.3,9.1,,0.0,,,8.7,0.0,0.0,1
20220501,20.8,6.7,,0.0,,,8.75,0.0,0.0,1
20220502,21.5,3.0,,2.0,,,7.25,0.0,0.0,0
20220503,23.0,4.7,,0.0,,,8.85,0.0,0.0,1
20220504,27.8,5.5,,0.0,,,11.649999999999999,0.0,0.0,1
20220505,28.0,7.4,,0.0,,,12.7,0.0,0.0,1
20220506,28.5,9.0,,0.0,,,13.75,0.0,0.0,1
20220507,25.7,12.0,,0.0,,,13.850000000000001,0.0,0.0,1
20220508,22.9,12.3,,0.0,,,12.600000000000001,0.0,0.0,1
20220509,23.5,10.5,,1.5,,,12.0,0.0,0.0,0
20220510,18.3,16.4,,0.0,,,12.350000000000001,0.0,0.0,1
20220511,20.6,15.1,,0.0,,,12.850000000000001,0.0,0.0,1
20220512,22.0,15.6,,0.0,,,13.8,0.0,0.0,1
20220513,18.5,14.4,,0.0,,,11.45,0.0,0.0,1
20220514,17.2,13.0,,0.0,,,10.1,0.0,0.0,1
20220515,17.6,12.0,,0.0,,,9.8,0.0,0.0,1
20220516,19.5,7.0,,0.0,,,8.25,0.0,0.0,1
20220517,22.5,9.6,,0.0,,,11.05,0.0,0.0,1
20220518,23.4,13.2,,0.0,,,13.299999999999997,0.0,0.0,1
20220519,21.5,15.6,,0.0,,,13.55,0.0,0.0,1
20220520,23.5,14.0,,0.0,,,13.75,0.0,0.0,1
20220521,21.2,13.5,,0.0,,,12.350000000000001,0.0,0.0,1
20220522,21.1,15.3,,0.0,,,13.200000000000003,0.0,0.0,1
20220523,23.8,14.6,,0.0,,,14.2,0.0,0.0,1
20220524,25.9,13.7,,0.0,,,14.799999999999997,0.0,0.0,1
20220525,22.6,14.8,,0.5,,,13.700000000000003,0.0,0.0,1
20220526,20.4,15.7,,2.5,,,13.049999999999997,0.0,0.0,0
20220527,21.9,13.7,,0.0,,,12.799999999999997,0.0,0.0,1
20220528,25.5,15.4,,0.0,,,15.45,0.0,0.0,1
20220529,23.7,14.1,,0.0,,,13.899999999999999,0.0,0.0,1
20220530,21.7,17.1,,3.5,,,14.399999999999999,0.0,0.0,0
20220531,23.2,12.9,,0.0,,,13.05,0.0,0.0,1
20220601,25.9,14.7,,0.0,,,15.299999999999997,0.0,0.0,1
20220602,23.6,14.3,,0.0,,,13.950000000000003,0.0,0.0,1
20220603,25.0,19.5,,0.0,,,17.25,0.0,0.0,1
20220604,29.0,18.9,,0.0,,,18.95,0.0,0.0,1
20220605,22.6,17.6,,16.0,,,15.100000000000001,0.0,0.0,0
20220606,22.2,17.6,,0.0,,,14.899999999999999,0.0,0.0,1
20220607,21.1,17.1,,8.5,,,14.100000000000001,0.0,0.0,0
20220608,22.4,16.1,,0.5,,,14.25,0.0,0.0,1
20220609,23.8,17.0,,0.0,,,15.399999999999999,0.0,0.0,1
20220610,27.4,16.7,,0.0,,,17.049999999999997,0.0,0.0,1
20220611,27.1,18.8,,0.0,,,17.950000000000003,0.0,0.0,1
20220612,24.3,18.4,,0.0,,,16.35,0.0,0.0,1
20220613,28.6,19.3,,0.0,,,18.950000000000003,0.0,0.0,1
20220614,21.7,17.1,,2.0,,,14.399999999999999,0.0,0.0,0
20220615,23.0,16.3,,2.0,,,14.649999999999999,0.0,0.0,0
20220616,23.1,18.3,,0.0,,,15.700000000000003,0.0,0.0,1
20220617,26.7,17.8,,0.5,,,17.25,0.0,0.0,1
20220618,26.1,20.0,,4.5,,,18.05,0.0,0.0,0
20220619,26.4,21.2,,0.0,,,18.799999999999997,0.0,0.0,1
20220620,26.4,21.0,,0.0,,,18.7,0.0,0.0,1
20220621,26.4,20.7,,0.0,,,18.549999999999997,0.0,0.0,1
20220622,29.0,20.5,,0.0,,,19.75,0.0,0.0,1
20220623,28.2,21.1,,22.5,,,19.65,0.0,0.0,0
20220624,25.7,22.1,,28.5,,,18.9,0.0,0.0,0
20220625,28.6,22.2,,0.0,,,20.4,0.0,0.0,1
20220626,31.3,24.2,,0.0,,,22.75,1.3000000000000007,0.0,1
20220627,29.7,25.8,,0.0,,,22.75,0.0,0.0,1
20220628,31.9,27.0,,0.0,,,24.45,1.8999999999999986,0.0,1
20220629,28.9,24.8,,27.0,,,21.85,0.0,0.0,0
20220630,29.3,24.6,,0.0,,,21.950000000000003,0.0,0.0,1
20220701,31.3,23.6,,0.0,,,22.450000000000003,1.3000000000000007,0.0,1
20220702,30.1,22.9,,0.0,,,21.5,0.10000000000000142,0.0,1
20220703,32.4,24.9,,0.0,,,23.65,2.3999999999999986,0.0,1
20220704,31.0,24.4,,0.0,,,22.7,1.0,0.0,1
20220705,28.7,25.7,,0.0,,,22.2,0.0,0.0,1
20220706,35.3,24.7,,0.0,,,25.0,5.299999999999997,0.0,1
20220707,33.2,25.5,,13.5,,,24.35,3.200000000000003,0.0,0
20220708,28.5,24.7,,1.5,,,21.6,0.0,0.0,0
20220709,28.2,24.4,,0.0,,,21.299999999999997,0.0,0.0,1
20220710,31.1,24.4,,0.0,,,22.75,1.1000000000000014,0.0,1
20220711,29.3,23.4,,47.5,,,21.35,0.0,0.0,0
20220712,29.4,25.2,,0.0,,,22.299999999999997,0.0,0.0,1
20220713,29.4,24.3,,2.0,,,21.85,0.0,0.0,0
20220714,27.8,24.2,,1.0,,,21.0,0.0,0.0,0
20220715,28.7,22.0,,0.0,,,20.35,0.0,0.0,1
20220716,28.5,22.9,,0.0,,,20.7,0.0,0.0,1
20220717,28.2,24.8,,0.0,,,21.5,0.0,0.0,1
20220718,25.1,21.2,,0.0,,,18.15,0.0,0.0,1
20220719,27.7,21.7,,0.0,,,19.7,0.0,0.0,1
20220720,29.6,22.7,,8.0,,,21.15,0.0,0.0,0
20220721,27.9,23.2,,7.5,,,20.549999999999997,0.0,0.0,0
20220722,27.5,23.8,,0.0,,,20.65,0.0,0.0,1
20220723,28.1,20.8,,5.5,,,19.450000000000003,0.0,0.0,0
20220724,26.4,23.6,,3.0,,,20.0,0.0,0.0,0
20220725,27.9,24.5,,0.0,,,21.2,0.0,0.0,1
20220726,29.1,22.9,,0.0,,,21.0,0.0,0.0,1
20220727,32.9,23.9,,0.0,,,23.4,2.8999999999999986,0.0,1
20220728,33.0,24.1,,0.0,,,23.55,3.0,0.0,1
20220729,35.4,25.2,,0.0,,,25.299999999999997,5.399999999999999,0.0,1
20220730,32.8,26.8,,0.0,,,24.799999999999997,2.799999999999997,0.0,1
20220731,28.6,25.6,,6.5,,,22.1,0.0,0.0,0
20220801,32.6,25.3,,52.5,,,23.950000000000003,2.6000000000000014,0.0,0
20220802,29.6,26.2,,0.0,,,22.9,0.0,0.0,1
20220803,30.5,25.6,,0.0,,,23.05,0.5,0.0,1
20220804,30.6,26.8,,0.0,,,23.700000000000003,0.6000000000000014,0.0,1
20220805,30.5,26.2,,3.0,,,23.35,0.5,0.0,0
20220806,31.9,26.9,,0.0,,,24.4,1.8999999999999986,0.0,1
20220807,31.8,26.3,,0.0,,,24.05,1.8000000000000007,0.0,1
20220808,30.4,28.2,,0.0,,,24.299999999999997,0.3999999999999986,0.0,1
20220809,30.3,28.0,,0.0,,,24.15,0.3000000000000007,0.0,1
20220810,29.2,24.3,,40.5,,,21.75,0.0,0.0,0
20220811,27.5,24.1,,116.0,,,20.8,0.0,0.0,0
20220812,29.4,24.4,,0.5,,,21.9,0.0,0.0,1
20220813,29.0,23.3,,9.5,,,21.15,0.0,0.0,0
20220814,30.2,25.6,,0.0,,,22.9,0.1999999999999993,0.0,1
20220815,31.1,27.7,,0.0,,,24.4,1.1000000000000014,0.0,1
20220816,28.3,23.5,,72.5,,,20.9,0.0,0.0,0
20220817,27.8,23.0,,0.0,,,20.4,0.0,0.0,1
20220818,29.0,21.3,,0.0,,,20.15,0.0,0.0,1
20220819,29.7,21.5,,0.0,,,20.6,0.0,0.0,1
20220820,28.4,24.7,,22.5,,,21.549999999999997,0.0,0.0,0
20220821,29.1,22.6,,0.0,,,20.85,0.0,0.0,1
20220822,30.4,23.6,,0.0,,,22.0,0.3999999999999986,0.0,1
20220823,27.7,24.7,,15.0,,,21.2,0.0,0.0,0
20220824,27.1,22.2,,0.0,,,19.65,0.0,0.0,1
20220825,27.4,20.2,,0.0,,,18.799999999999997,0.0,0.0,1
20220826,26.5,19.6,,0.0,,,18.05,0.0,0.0,1
20220827,25.1,20.5,,0.0,,,17.8,0.0,0.0,1
20220828,27.7,16.2,,0.0,,,16.95,0.0,0.0,1
20220829,22.3,19.9,,0.5,,,16.1,0.0,0.0,1
20220830,21.8,19.6,,10.5,,,15.700000000000003,0.0,0.0,0
20220831,24.9,21.2,,1.5,,,18.049999999999997,0.0,0.0,0
20220901,28.6,19.6,,0.0,,,19.1,0.0,0.0,1
20220902,28.7,18.7,,0.0,,,18.7,0.0,0.0,1
20220903,29.7,21.7,,0.0,,,20.7,0.0,0.0,1
20220904,30.2,21.7,,7.0,,,20.95,0.1999999999999993,0.0,0
20220905,25.1,20.3,,55.5,,,17.700000000000003,0.0,0.0,0
20220906,23.9,19.0,,22.5,,,16.45,0.0,0.0,0
20220907,26.4,16.5,,0.0,,,16.45,0.0,0.0,1
20220908,26.0,15.5,,0.5,,,15.75,0.0,0.0,1
20220909,28.9,18.2,,0.0,,,18.549999999999997,0.0,0.0,1
20220910,26.8,19.3,,0.0,,,18.05,0.0,0.0,1
20220911,28.2,19.4,,0.0,,,18.799999999999997,0.0,0.0,1
20220912,26.0,20.7,,2.0,,,18.35,0.0,0.0,0
20220913,26.5,21.6,,0.0,,,19.05,0.0,0.0,1
20220914,28.1,21.8,,0.0,,,19.950000000000003,0.0,0.0,1
20220915,31.7,21.1,,0.0,,,21.4,1.6999999999999993,0.0,1
20220916,32.3,23.1,,0.0,,,22.7,2.299999999999997,0.0,1
20220917,30.5,23.8,,0.0,,,22.15,0.5,0.0,1
20220918,31.5,24.6,,0.0,,,23.05,1.5,0.0,1
20220919,27.2,20.4,,0.0,,,18.799999999999997,0.0,0.0,1
20220920,25.2,18.4,,0.0,,,16.799999999999997,0.0,0.0,1
20220921,25.0,13.1,,0.0,,,14.05,0.0,0.0,1
20220922,23.7,14.0,,0.0,,,13.850000000000001,0.0,0.0,1
20220923,22.8,13.8,,0.0,,,13.3,0.0,0.0,1
20220924,22.5,12.4,,0.0,,,12.45,0.0,0.0,1
20220925,23.6,15.4,,0.0,,,14.5,0.0,0.0,1
20220926,24.8,15.8,,0.0,,,15.3,0.0,0.0,1
20220927,24.6,13.0,,0.0,,,13.8,0.0,0.0,1
20220928,25.3,15.2,,0.0,,,15.25,0.0,0.0,1
20220929,22.2,13.7,,0.0,,,12.95,0.0,0.0,1
20220930,25.9,12.8,,0.0,,,14.350000000000001,0.0,0.0,1
20221001,27.4,12.3,,0.0,,,14.850000000000001,0.0,0.0,1
20221002,29.6,17.3,,0.0,,,18.450000000000003,0.0,0.0,1
20221003,27.1,22.1,,9.5,,,19.6,0.0,0.0,0
20221004,25.4,16.6,,25.0,,,16.0,0.0,0.0,0
20221005,18.0,14.2,,0.0,,,11.100000000000001,0.0,0.0,1
20221006,20.1,13.4,,0.0,,,11.75,0.0,0.0,1
20221007,17.5,12.1,,1.0,,,9.8,0.0,0.0,0
20221008,21.3,8.5,,0.0,,,9.9,0.0,0.0,1
20221009,15.9,13.0,,14.5,,,9.45,0.0,0.0,0
20221010,15.8,11.4,,4.0,,,8.600000000000001,0.0,0.0,0
20221011,16.3,9.5,,0.0,,,7.9,0.0,0.0,1
20221012,17.9,5.0,,0.0,,,6.449999999999999,0.0,0.0,1
20221013,20.6,9.0,,0.0,,,9.8,0.0,0.0,1
20221014,20.4,10.7,,0.0,,,10.549999999999999,0.0,0.0,1
20221015,22.6,11.9,,0.0,,,12.25,0.0,0.0,1
20221016,20.5,13.1,,0.0,,,11.8,0.0,0.0,1
20221017,17.0,10.5,,0.0,,,8.75,0.0,0.0,1
20221018,13.5,5.4,,0.0,,,4.449999999999999,0.0,0.0,1
20221019,15.8,2.1,,0.0,,,3.950000000000001,0.0,0.0,1
20221020,18.7,2.6,,0.0,,,5.65,0.0,0.0,1
20221021,17.5,6.0,,0.0,,,6.75,0.0,0.0,1
20221022,19.3,11.0,,0.0,,,10.15,0.0,0.0,1
20221023,16.5,12.3,,0.0,,,9.4,0.0,0.0,1
20221024,13.8,6.5,,0.0,,,5.15,0.0,0.0,1
20221025,16.9,2.5,,0.0,,,4.699999999999999,0.0,0.0,1
20221026,18.1,4.8,,0.0,,,6.450000000000001,0.0,0.0,1
20221027,17.7,8.6,,0.0,,,8.149999999999999,0.0,0.0,1
20221028,16.3,6.7,,0.0,,,6.5,0.0,0.0,1
20221029,19.2,6.5,,0.0,,,7.85,0.0,0.0,1
20221030,19.5,6.2,,0.0,,,7.85,0.0,0.0,1
20221031,18.9,9.0,,0.0,,,8.95,0.0,0.0,1
20221101,17.7,8.0,,0.5,,,7.85,0.0,0.0,1
20221102,15.7,4.2,,0.0,,,4.949999999999999,0.0,0.0,1
20221103,16.0,4.5,,0.0,,,5.25,0.0,0.0,1
20221104,11.2,6.4,,0.0,,,3.8000000000000007,0.0,0.0,1
20221105,12.7,0.2,,0.0,,,1.4499999999999993,0.0,0.0,1
20221106,15.6,2.6,,0.0,,,4.1,0.0,0.0,1
20221107,16.4,3.5,,0.0,,,4.949999999999999,0.0,0.0,1
20221108,16.5,5.5,,0.0,,,6.0,0.0,0.0,1
20221109,17.2,5.2,,0.0,,,6.199999999999999,0.0,0.0,1
20221110,20.6,4.7,,0.0,,,7.65,0.0,0.0,1
20221111,22.1,7.2,,0.0,,,9.65,0.0,0.0,1
20221112,24.2,9.7,,11.0,,,11.95,0.0,0.0,0
20221113,17.5,10.1,,0.0,,,8.8,0.0,0.0,1
20221114,13.5,8.1,,0.0,,,5.800000000000001,0.0,0.0,1
20221115,13.9,3.4,,0.0,,,3.6500000000000004,0.0,0.0,1
20221116,13.9,6.4,,0.5,,,5.15,0.0,0.0,1
20221117,16.4,4.0,,0.0,,,5.199999999999999,0.0,0.0,1
20221118,17.6,2.5,,0.0,,,5.050000000000001,0.0,0.0,1
20221119,19.3,3.5,,0.0,,,6.4,0.0,0.0,1
20221120,17.8,8.2,,0.0,,,8.0,0.0,0.0,1
20221121,16.2,5.3,,0.0,,,5.75,0.0,0.0,1
20221122,14.2,8.3,,0.5,,,6.25,0.0,0.0,1
20221123,13.7,7.0,,0.0,,,5.35,0.0,0.0,1
20221124,14.5,4.7,,0.0,,,4.6,0.0,0.0,1
20221125,15.6,2.5,,0.0,,,4.050000000000001,0.0,0.0,1
20221126,13.1,2.6,,1.0,,,2.8499999999999996,0.0,0.0,0
20221127,13.7,-0.2,,0.0,,,1.75,0.0,0.2,1
20221128,20.1,6.3,,46.0,,,8.200000000000001,0.0,0.0,0
20221129,15.8,4.4,,4.5,,,5.100000000000001,0.0,0.0,0
20221130,4.4,-2.3,,0.0,,,0.0,0.0,2.3,1
20221201,1.4,-4.7,,0.0,,,0.0,0.0,4.7,1
20221202,5.1,-3.1,,0.0,,,0.0,0.0,3.1,1
20221203,8.7,-0.9,,0.0,,,0.0,0.0,0.9,1
20221204,6.4,-0.3,,0.0,,,0.0,0.0,0.3,1
20221205,2.8,-3.7,,0.0,,,0.0,0.0,3.7,1
20221206,7.9,-3.9,,0.0,,,0.0,0.0,3.9,1
20221207,9.1,6.3,,0.0,,,2.6999999999999993,0.0,0.0,1
20221208,10.0,-0.5,,0.0,,,0.0,0.0,0.5,1
20221209,10.5,0.7,,0.0,,,0.5999999999999996,0.0,0.0,1
20221210,6.2,-3.6,,0.0,,,0.0,0.0,3.6,1
20221211,6.6,0.5,,0.0,,,0.0,0.0,0.0,1
20221212,7.1,-3.4,,3.0,,,0.0,0.0,3.4,0
20221213,6.9,0.0,,0.5,,,0.0,0.0,0.0,1
20221214,2.0,-7.3,,0.5,,,0.0,0.0,7.3,1
20221215,5.6,-7.2,,1.5,,,0.0,0.0,7.2,0
20221216,1.5,-2.9,,0.0,,,0.0,0.0,2.9,1
20221217,1.6,-7.1,,0.0,,,0.0,0.0,7.1,1
20221218,-4.4,-11.7,,0.5,,,0.0,0.0,11.7,1
20221219,-0.6,-13.1,,0.5,,,0.0,0.0,13.1,1
20221220,3.2,-8.6,,0.0,,,0.0,0.0,8.6,1
20221221,5.9,-0.5,,20.5,,,0.0,0.0,0.5,0
20221222,3.0,-5.9,,0.0,,,0.0,0.0,5.9,1
20221223,-1.6,-6.4,,0.0,,,0.0,0.0,6.4,1
20221224,-4.2,-12.2,,0.0,,,0.0,0.0,12.2,1
20221225,1.7,-11.8,,0.0,,,0.0,0.0,11.8,1
20221226,1.3,-11.5,,0.0,,,0.0,0.0,11.5,1
20221227,2.1,-9.9,,0.0,,,0.0,0.0,9.9,1
20221228,2.5,-6.1,,0.0,,,0.0,0.0,6.1,1
20221229,1.6,-8.0,,0.0,,,0.0,0.0,8.0,1
20221230,4.0,-5.3,,0.0,,,0.0,0.0,5.3,1
20221231,4.4,-3.4,,0.0,,,0.0,0.0,3.4,1
20230101,3.8,-4.9,,0.0,,,0.0,0.0,4.9,1
20230102,0.4,-5.6,,0.0,,,0.0,0.0,5.6,1
20230103,2.1,-7.8,,0.0,,,0.0,0.0,7.8,1
20230104,4.6,-6.0,,0.0,,,0.0,0.0,6.0,1
20230105,6.0,-3.2,,0.0,,,0.0,0.0,3.2,1
20230106,6.8,-3.6,,2.5,,,0.0,0.0,3.6,0
20230107,5.5,0.6,,0.0,,,0.0,0.0,0.0,1
20230108,7.2,-3.0,,0.0,,,0.0,0.0,3.0,1
20230109,7.5,-0.3,,0.0,,,0.0,0.0,0.3,1
20230110,4.7,-3.9,,0.0,,,0.0,0.0,3.9,1
20230111,8.0,-3.2,,0.0,,,0.0,0.0,3.2,1
20230112,14.6,-2.5,,0.5,,,1.0499999999999998,0.0,2.5,1
20230113,15.0,7.1,,19.5,,,6.050000000000001,0.0,0.0,0
20230114,13.2,4.7,,0.0,,,3.9499999999999993,0.0,0.0,1
20230115,4.8,-0.6,,0.0,,,0.0,0.0,0.6,1
20230116,-0.4,-3.1,,0.0,,,0.0,0.0,3.1,1
20230117,2.7,-5.5,,0.0,,,0.0,0.0,5.5,1
20230118,4.3,-3.2,,0.0,,,0.0,0.0,3.2,1
20230119,5.2,-4.1,,0.0,,,0.0,0.0,4.1,1
20230120,5.6,-3.1,,0.0,,,0.0,0.0,3.1,1
20230121,2.9,-6.6,,0.0,,,0.0,0.0,6.6,1
20230122,4.2,-2.4,,0.0,,,0.0,0.0,2.4,1
20230123,6.5,-3.1,,0.0,,,0.0,0.0,3.1,1
20230124,-1.4,-9.8,,0.0,,,0.0,0.0,9.8,1
20230125,-4.8,-15.1,,0.0,,,0.0,0.0,15.1,1
20230126,1.3,-9.5,,1.0,,,0.0,0.0,9.5,0
20230127,-2.2,-4.5,,0.0,,,0.0,0.0,4.5,1
20230128,-1.0,-9.3,,0.0,,,0.0,0.0,9.3,1
20230129,4.1,-7.0,,0.0,,,0.0,0.0,7.0,1
20230130,3.3,-3.7,,0.0,,,0.0,0.0,3.7,1
20230131,7.9,-4.8,,0.0,,,0.0,0.0,4.8,1
20230201,6.5,-0.5,,0.0,,,0.0,0.0,0.5,1
20230202,1.5,-4.1,,0.0,,,0.0,0.0,4.1,1
20230203,1.6,-2.4,,0.0,,,0.0,0.0,2.4,1
20230204,5.3,-6.4,,0.0,,,0.0,0.0,6.4,1
20230205,6.8,-5.1,,0.0,,,0.0,0.0,5.1,1
20230206,10.5,-5.0,,0.0,,,0.0,0.0,5.0,1
20230207,6.9,-0.9,,0.0,,,0.0,0.0,0.9,1
20230208,6.4,-4.1,,0.0,,,0.0,0.0,4.1,1
20230209,10.0,-4.2,,0.0,,,0.0,0.0,4.2,1
20230210,6.1,1.9,,2.0,,,0.0,0.0,0.0,0
20230211,8.2,-1.4,,0.0,,,0.0,0.0,1.4,1
20230212,6.3,-2.7,,0.0,,,0.0,0.0,2.7,1
20230213,8.5,3.4,,0.0,,,0.9500000000000002,0.0,0.0,1
20230214,3.4,-0.6,,0.0,,,0.0,0.0,0.6,1
20230215,5.7,-2.8,,0.0,,,0.0,0.0,2.8,1
20230216,5.6,-1.6,,0.0,,,0.0,0.0,1.6,1
20230217,7.2,-1.9,,0.0,,,0.0,0.0,1.9,1
20230218,8.6,3.3,,2.0,,,0.9499999999999993,0.0,0.0,0
20230219,5.5,0.8,,1.0,,,0.0,0.0,0.0,0
20230220,3.6,-3.8,,0.0,,,0.0,0.0,3.8,1
20230221,2.0,-3.8,,0.0,,,0.0,0.0,3.8,1
20230222,5.4,-5.6,,0.0,,,0.0,0.0,5.6,1
20230223,6.5,-3.4,,0.0,,,0.0,0.0,3.4,1
20230224,7.2,-0.2,,0.0,,,0.0,0.0,0.2,1
20230225,2.9,0.1,,0.0,,,0.0,0.0,0.0,1
20230226,5.8,-6.1,,0.0,,,0.0,0.0,6.1,1
20230227,7.8,-4.5,,0.0,,,0.0,0.0,4.5,1
20230228,11.7,-4.8,,0.0,,,0.0,0.0,4.8,1
20230301,8.3,4.4,,0.0,,,1.3500000000000005,0.0,0.0,1
20230302,5.0,-1.2,,0.0,,,0.0,0.0,1.2,1
20230303,8.1,-5.5,,0.0,,,0.0,0.0,5.5,1
20230304,11.1,-1.2,,0.0,,,0.0,0.0,1.2,1
20230305,13.3,-1.3,,0.0,,,1.0,0.0,1.3,1
20230306,12.3,-0.6,,0.0,,,0.8500000000000005,0.0,0.6,1
20230307,15.8,3.5,,0.0,,,4.65,0.0,0.0,1
20230308,17.5,6.2,,0.0,,,6.85,0.0,0.0,1
20230309,13.7,4.5,,0.0,,,4.1,0.0,0.0,1
20230310,19.5,3.7,,0.0,,,6.6,0.0,0.0,1
20230311,21.7,7.2,,0.0,,,9.45,0.0,0.0,1
20230312,9.9,3.2,,13.5,,,1.5500000000000007,0.0,0.0,0
20230313,6.5,0.6,,0.0,,,0.0,0.0,0.0,1
20230314,13.0,-0.7,,0.0,,,1.1500000000000004,0.0,0.7,1
20230315,16.5,5.9,,0.0,,,6.199999999999999,0.0,0.0,1
20230316,9.9,3.3,,0.0,,,1.5999999999999996,0.0,0.0,1
20230317,9.2,3.7,,0.0,,,1.4499999999999993,0.0,0.0,1
20230318,10.2,5.6,,0.0,,,2.8999999999999995,0.0,0.0,1
20230319,10.4,0.4,,0.0,,,0.40000000000000036,0.0,0.0,1
20230320,13.9,0.9,,0.0,,,2.4000000000000004,0.0,0.0,1
20230321,19.0,3.8,,0.0,,,6.4,0.0,0.0,1
20230322,20.3,6.0,,3.5,,,8.15,0.0,0.0,0
20230323,14.0,8.5,,9.0,,,6.25,0.0,0.0,0
20230324,11.7,6.8,,0.0,,,4.25,0.0,0.0,1
20230325,11.3,3.5,,0.0,,,2.4000000000000004,0.0,0.0,1
20230326,11.2,6.0,,0.0,,,3.5999999999999996,0.0,0.0,1
20230327,10.5,-0.5,,0.0,,,0.0,0.0,0.5,1
20230328,13.5,0.3,,0.0,,,1.9000000000000004,0.0,0.0,1
20230329,16.1,2.3,,0.0,,,4.200000000000001,0.0,0.0,1
20230330,15.7,1.3,,0.0,,,3.5,0.0,0.0,1
20230331,16.8,4.0,,0.0,,,5.4,0.0,0.0,1
20230401,21.1,4.4,,0.0,,,7.75,0.0,0.0,1
20230402,24.9,5.7,,0.0,,,10.299999999999999,0.0,0.0,1
20230403,25.2,8.6,,0.0,,,11.899999999999999,0.0,0.0,1
20230404,21.7,9.2,,10.5,,,10.45,0.0,0.0,0
20230405,16.5,9.0,,17.5,,,7.75,0.0,0.0,0
20230406,10.1,7.2,,6.0,,,3.6500000000000004,0.0,0.0,0
20230407,11.4,6.2,,0.0,,,3.8000000000000007,0.0,0.0,1
20230408,11.9,5.6,,0.0,,,3.75,0.0,0.0,1
20230409,13.3,1.3,,0.0,,,2.3000000000000007,0.0,0.0,1
20230410,16.4,2.2,,0.0,,,4.299999999999999,0.0,0.0,1
20230411,19.6,10.1,,0.0,,,9.850000000000001,0.0,0.0,1
20230412,14.0,5.3,,0.0,,,4.65,0.0,0.0,1
20230413,17.2,2.2,,0.0,,,4.699999999999999,0.0,0.0,1
20230414,20.9,6.1,,2.0,,,8.5,0.0,0.0,0
20230415,16.7,7.5,,3.0,,,7.1,0.0,0.0,0
20230416,14.8,7.4,,0.0,,,6.100000000000001,0.0,0.0,1
20230417,19.9,4.7,,0.0,,,7.299999999999999,0.0,0.0,1
20230418,19.4,13.7,,0.5,,,11.549999999999997,0.0,0.0,1
20230419,24.9,14.0,,0.0,,,14.45,0.0,0.0,1
20230420,20.6,12.5,,0.0,,,11.55,0.0,0.0,1
20230421,18.4,12.6,,0.0,,,10.5,0.0,0.0,1
20230422,20.8,11.2,,0.0,,,11.0,0.0,0.0,1
20230423,20.0,12.7,,0.0,,,11.350000000000001,0.0,0.0,1
20230424,16.3,12.1,,0.0,,,9.2,0.0,0.0,1
20230425,12.6,8.8,,1.0,,,5.699999999999999,0.0,0.0,0
20230426,11.5,6.0,,0.0,,,3.75,0.0,0.0,1
20230427,15.0,1.9,,0.0,,,3.4499999999999993,0.0,0.0,1
20230428,20.4,4.3,,0.0,,,7.35,0.0,0.0,1
20230429,18.1,10.6,,2.5,,,9.350000000000001,0.0,0.0,0
20230430,16.3,9.0,,0.0,,,7.65,0.0,0.0,1
20230501,18.4,9.6,,0.0,,,9.0,0.0,0.0,1
20230502,23.5,7.6,,0.0,,,10.55,0.0,0.0,1
20230503,24.0,11.4,,0.0,,,12.7,0.0,0.0,1
20230504,23.2,16.0,,2.5,,,14.600000000000001,0.0,0.0,0
20230505,20.9,17.9,,96.0,,,14.399999999999999,0.0,0.0,0
20230506,20.1,14.0,,10.5,,,12.05,0.0,0.0,0
20230507,16.6,10.9,,3.5,,,8.75,0.0,0.0,0
20230508,17.6,6.6,,0.0,,,7.100000000000001,0.0,0.0,1
20230509,19.0,7.5,,0.0,,,8.25,0.0,0.0,1
20230510,20.8,9.8,,0.0,,,10.3,0.0,0.0,1
20230511,22.1,10.4,,0.0,,,11.25,0.0,0.0,1
20230512,23.0,11.8,,0.0,,,12.399999999999999,0.0,0.0,1
20230513,19.1,13.6,,0.0,,,11.350000000000001,0.0,0.0,1
20230514,22.6,10.5,,0.0,,,11.55,0.0,0.0,1
20230515,27.4,10.9,,0.0,,,14.149999999999999,0.0,0.0,1
20230516,26.9,14.9,,0.0,,,15.899999999999999,0.0,0.0,1
20230517,27.8,15.8,,0.0,,,16.8,0.0,0.0,1
20230518,20.6,17.7,,0.5,,,14.149999999999999,0.0,0.0,1
20230519,26.5,16.6,,0.0,,,16.55,0.0,0.0,1
20230520,23.0,15.4,,0.0,,,14.2,0.0,0.0,1
20230521,19.1,15.0,,0.0,,,12.05,0.0,0.0,1
20230522,20.3,15.5,,0.5,,,12.899999999999999,0.0,0.0,1
20230523,22.0,11.5,,0.0,,,11.75,0.0,0.0,1
20230524,23.5,12.3,,0.0,,,12.899999999999999,0.0,0.0,1
20230525,25.7,14.3,,0.0,,,15.0,0.0,0.0,1
20230526,24.8,15.5,,0.0,,,15.149999999999999,0.0,0.0,1
20230527,25.7,19.6,,1.0,,,17.65,0.0,0.0,0
20230528,23.1,19.0,,43.5,,,16.05,0.0,0.0,0
20230529,21.7,18.2,,94.0,,,14.95,0.0,0.0,0
20230530,27.7,20.0,,0.5,,,18.85,0.0,0.0,1
20230531,26.8,19.6,,0.0,,,18.200000000000003,0.0,0.0,1
20230601,25.5,18.2,,0.0,,,16.85,0.0,0.0,1
20230602,22.1,17.7,,0.0,,,14.899999999999999,0.0,0.0,1
20230603,25.6,16.9,,0.0,,,16.25,0.0,0.0,1
20230604,24.4,16.2,,0.0,,,15.299999999999997,0.0,0.0,1
20230605,23.6,18.4,,0.0,,,16.0,0.0,0.0,1
20230606,23.5,16.9,,0.0,,,15.2,0.0,0.0,1
20230607,23.7,17.4,,0.0,,,15.549999999999997,0.0,0.0,1
20230608,25.4,18.3,,0.0,,,16.85,0.0,0.0,1
20230609,26.8,19.3,,0.0,,,18.05,0.0,0.0,1
20230610,29.7,19.4,,0.0,,,19.549999999999997,0.0,0.0,1
20230611,25.5,18.2,,0.0,,,16.85,0.0,0.0,1
20230612,24.9,18.6,,0.0,,,16.75,0.0,0.0,1
20230613,24.6,18.5,,0.0,,,16.55,0.0,0.0,1
20230614,25.0,19.5,,0.0,,,17.25,0.0,0.0,1
20230615,24.9,19.1,,0.0,,,17.0,0.0,0.0,1
20230616,26.5,17.5,,0.0,,,17.0,0.0,0.0,1
20230617,26.8,18.5,,0.0,,,17.65,0.0,0.0,1
20230618,26.3,20.8,,0.0,,,18.55,0.0,0.0,1
20230619,32.1,18.4,,0.0,,,20.25,2.1000000000000014,0.0,1
20230620,29.0,20.6,,0.0,,,19.8,0.0,0.0,1
20230621,23.1,20.5,,0.0,,,16.8,0.0,0.0,1
20230622,24.3,20.2,,0.0,,,17.25,0.0,0.0,1
20230623,28.5,20.2,,0.0,,,19.35,0.0,0.0,1
20230624,30.3,20.6,,0.0,,,20.450000000000003,0.3000000000000007,0.0,1
20230625,31.1,20.8,,0.0,,,20.950000000000003,1.1000000000000014,0.0,1
20230626,27.4,21.3,,44.0,,,19.35,0.0,0.0,0
20230627,27.4,22.4,,0.5,,,19.9,0.0,0.0,1
20230628,28.0,20.0,,134.0,,,19.0,0.0,0.0,0
20230629,26.2,23.3,,40.5,,,19.75,0.0,0.0,0
20230630,25.2,23.2,,15.5,,,19.2,0.0,0.0,0
20230701,27.4,22.9,,0.0,,,20.15,0.0,0.0,1
20230702,31.9,22.9,,0.0,,,22.4,1.8999999999999986,0.0,1
20230703,30.0,23.8,,0.0,,,21.9,0.0,0.0,1
20230704,25.8,23.5,,57.5,,,19.65,0.0,0.0,0
20230705,26.9,22.0,,28.0,,,19.45,0.0,0.0,0
20230706,29.6,20.9,,0.0,,,20.25,0.0,0.0,1
20230707,25.1,20.0,,52.0,,,17.55,0.0,0.0,0
20230708,27.8,21.9,,0.5,,,19.85,0.0,0.0,1
20230709,29.2,24.4,,0.0,,,21.799999999999997,0.0,0.0,1
20230710,30.4,24.8,,0.0,,,22.6,0.3999999999999986,0.0,1
20230711,27.5,23.5,,6.0,,,20.5,0.0,0.0,0
20230712,28.2,24.5,,0.5,,,21.35,0.0,0.0,1
20230713,27.0,24.2,,60.5,,,20.6,0.0,0.0,0
20230714,26.6,24.1,,219.5,,,20.35,0.0,0.0,0
20230715,27.0,22.8,,48.0,,,19.9,0.0,0.0,0
20230716,27.3,23.6,,1.5,,,20.450000000000003,0.0,0.0,0
20230717,29.1,23.3,,15.5,,,21.200000000000003,0.0,0.0,0
20230718,25.7,23.0,,80.5,,,19.35,0.0,0.0,0
20230719,28.3,22.8,,0.0,,,20.55,0.0,0.0,1
20230720,28.3,23.4,,0.0,,,20.85,0.0,0.0,1
20230721,33.1,23.0,,0.0,,,23.05,3.1000000000000014,0.0,1
20230722,27.6,22.0,,19.5,,,19.8,0.0,0.0,0
20230723,26.8,24.1,,63.5,,,20.450000000000003,0.0,0.0,0
20230724,29.6,22.9,,13.5,,,21.25,0.0,0.0,0
20230725,30.4,23.8,,14.0,,,22.1,0.3999999999999986,0.0,0
20230726,31.3,24.2,,13.0,,,22.75,1.3000000000000007,0.0,0
20230727,31.9,23.5,,0.5,,,22.7,1.8999999999999986,0.0,1
20230728,33.4,24.5,,0.0,,,23.95,3.3999999999999986,0.0,1
20230729,32.9,24.9,,0.0,,,23.9,2.8999999999999986,0.0,1
20230730,32.0,24.2,,4.0,,,23.1,2.0,0.0,0
20230731,33.0,24.1,,0.0,,,23.55,3.0,0.0,1
20230801,33.7,25.8,,0.0,,,24.75,3.700000000000003,0.0,1
20230802,32.2,25.8,,0.0,,,24.0,2.200000000000003,0.0,1
20230803,34.0,24.6,,0.0,,,24.3,4.0,0.0,1
20230804,33.7,25.5,,0.0,,,24.6,3.700000000000003,0.0,1
20230805,33.7,26.5,,0.0,,,25.1,3.700000000000003,0.0,1
20230806,33.2,24.9,,5.5,,,24.05,3.200000000000003,0.0,0
20230807,32.4,25.2,,0.0,,,23.799999999999997,2.3999999999999986,0.0,1
20230808,35.3,26.0,,0.0,,,25.65,5.299999999999997,0.0,1
20230809,31.8,24.8,,1.5,,,23.3,1.8000000000000007,0.0,0
20230810,25.9,22.8,,46.5,,,19.35,0.0,0.0,0
20230811,28.7,24.1,,0.0,,,21.4,0.0,0.0,1
20230812,28.5,23.0,,6.5,,,20.75,0.0,0.0,0
20230813,31.9,23.4,,0.0,,,22.65,1.8999999999999986,0.0,1
20230814,31.4,24.9,,0.0,,,23.15,1.3999999999999986,0.0,1
20230815,30.5,25.0,,0.0,,,22.75,0.5,0.0,1
20230816,29.5,24.7,,0.0,,,22.1,0.0,0.0,1
20230817,30.4,23.1,,0.0,,,21.75,0.3999999999999986,0.0,1
20230818,30.0,24.7,,0.0,,,22.35,0.0,0.0,1
20230819,30.4,26.2,,0.0,,,23.299999999999997,0.3999999999999986,0.0,1
20230820,31.6,25.3,,0.0,,,23.450000000000003,1.6000000000000014,0.0,1
20230821,32.8,24.6,,0.0,,,23.7,2.799999999999997,0.0,1
20230822,30.9,24.3,,12.0,,,22.6,0.8999999999999986,0.0,0
20230823,29.8,23.7,,31.5,,,21.75,0.0,0.0,0
20230824,29.2,23.8,,0.0,,,21.5,0.0,0.0,1
20230825,28.9,22.9,,0.0,,,20.9,0.0,0.0,1
20230826,30.4,20.7,,0.0,,,20.549999999999997,0.3999999999999986,0.0,1
20230827,30.9,21.9,,0.0,,,21.4,0.8999999999999986,0.0,1
20230828,30.8,24.2,,2.0,,,22.5,0.8000000000000007,0.0,0
20230829,27.8,22.9,,2.5,,,20.35,0.0,0.0,0
20230830,23.1,19.1,,24.0,,,16.1,0.0,0.0,0
20230831,27.3,20.0,,0.0,,,18.65,0.0,0.0,1
20230901,29.5,19.4,,0.0,,,19.45,0.0,0.0,1
20230902,30.9,18.4,,0.0,,,19.65,0.8999999999999986,0.0,1
20230903,31.6,23.7,,0.0,,,22.65,1.6000000000000014,0.0,1
20230904,30.9,24.1,,0.0,,,22.5,0.8999999999999986,0.0,1
20230905,32.2,24.2,,0.0,,,23.200000000000003,2.200000000000003,0.0,1
20230906,29.4,21.7,,0.0,,,20.549999999999997,0.0,0.0,1
20230907,31.3,22.4,,0.0,,,21.85,1.3000000000000007,0.0,1
20230908,28.7,18.0,,0.0,,,18.35,0.0,0.0,1
20230909,28.5,18.3,,0.0,,,18.4,0.0,0.0,1
20230910,28.3,20.5,,0.0,,,19.4,0.0,0.0,1
20230911,29.9,20.6,,0.0,,,20.25,0.0,0.0,1
20230912,28.3,20.5,,0.0,,,19.4,0.0,0.0,1
20230913,23.6,19.9,,41.0,,,16.75,0.0,0.0,0
20230914,27.5,20.0,,4.0,,,18.75,0.0,0.0,0
20230915,25.6,21.6,,36.5,,,18.6,0.0,0.0,0
20230916,27.4,22.2,,70.5,,,19.799999999999997,0.0,0.0,0
20230917,26.9,22.0,,0.0,,,19.45,0.0,0.0,1
20230918,27.7,21.6,,0.0,,,19.65,0.0,0.0,1
20230919,27.5,20.3,,0.0,,,18.9,0.0,0.0,1
20230920,26.2,20.3,,74.0,,,18.25,0.0,0.0,0
20230921,23.2,18.8,,0.5,,,16.0,0.0,0.0,1
20230922,25.1,15.4,,0.0,,,15.25,0.0,0.0,1
20230923,26.6,15.4,,0.0,,,16.0,0.0,0.0,1
20230924,27.6,17.4,,0.0,,,17.5,0.0,0.0,1
20230925,26.6,19.1,,2.0,,,17.85,0.0,0.0,0
20230926,24.4,19.9,,8.5,,,17.15,0.0,0.0,0
20230927,24.3,21.1,,2.0,,,17.700000000000003,0.0,0.0,0
20230928,25.0,21.1,,0.0,,,18.05,0.0,0.0,1
20230929,24.3,17.1,,0.0,,,15.700000000000003,0.0,0.0,1
20230930,22.3,14.9,,6.0,,,13.600000000000001,0.0,0.0,0
20231001,23.5,14.6,,0.0,,,14.05,0.0,0.0,1
20231002,23.9,12.5,,0.0,,,13.2,0.0,0.0,1
20231003,21.1,13.4,,0.0,,,12.25,0.0,0.0,1
20231004,22.6,12.3,,0.0,,,12.450000000000003,0.0,0.0,1
20231005,20.3,13.7,,0.0,,,12.0,0.0,0.0,1
20231006,20.2,11.5,,0.0,,,10.85,0.0,0.0,1
20231007,21.1,12.3,,0.0,,,11.700000000000003,0.0,0.0,1
20231008,21.1,16.1,,0.0,,,13.600000000000001,0.0,0.0,1
20231009,21.5,15.6,,0.0,,,13.55,0.0,0.0,1
20231010,21.2,15.1,,0.0,,,13.149999999999999,0.0,0.0,1
20231011,23.2,12.3,,0.0,,,12.75,0.0,0.0,1
20231012,24.3,10.6,,0.0,,,12.45,0.0,0.0,1
20231013,22.1,12.8,,0.0,,,12.450000000000003,0.0,0.0,1
20231014,21.1,12.4,,1.0,,,11.75,0.0,0.0,0
20231015,20.6,11.0,,0.0,,,10.8,0.0,0.0,1
20231016,19.2,9.7,,0.0,,,9.45,0.0,0.0,1
20231017,19.3,7.6,,0.0,,,8.45,0.0,0.0,1
20231018,20.8,8.0,,0.0,,,9.4,0.0,0.0,1
20231019,20.6,12.0,,3.5,,,11.3,0.0,0.0,0
20231020,16.5,11.1,,6.0,,,8.8,0.0,0.0,0
20231021,17.6,5.7,,1.5,,,6.65,0.0,0.0,0
20231022,17.2,6.0,,0.0,,,6.6,0.0,0.0,1
20231023,20.1,9.6,,0.0,,,9.850000000000001,0.0,0.0,1
20231024,20.6,9.5,,0.0,,,10.05,0.0,0.0,1
20231025,21.8,10.3,,0.0,,,11.05,0.0,0.0,1
20231026,20.3,11.1,,0.0,,,10.7,0.0,0.0,1
20231027,17.6,13.8,,0.0,,,10.700000000000001,0.0,0.0,1
20231028,19.7,8.4,,0.0,,,9.05,0.0,0.0,1
20231029,20.0,8.2,,0.0,,,9.1,0.0,0.0,1
20231030,20.1,10.2,,0.0,,,10.15,0.0,0.0,1
20231031,19.5,9.7,,0.0,,,9.6,0.0,0.0,1
20231101,21.7,11.4,,0.0,,,11.55,0.0,0.0,1
20231102,23.3,14.4,,0.0,,,13.850000000000001,0.0,0.0,1
20231103,22.3,13.1,,0.0,,,12.7,0.0,0.0,1
20231104,22.1,17.3,,0.5,,,14.700000000000003,0.0,0.0,1
20231105,24.9,16.7,,11.5,,,15.799999999999997,0.0,0.0,0
20231106,23.1,12.7,,9.0,,,12.899999999999999,0.0,0.0,0
20231107,13.2,4.9,,0.0,,,4.050000000000001,0.0,0.0,1
20231108,14.8,1.1,,0.0,,,2.95,0.0,0.0,1
20231109,19.7,5.3,,31.5,,,7.5,0.0,0.0,0
20231110,13.6,4.4,,0.0,,,4.0,0.0,0.0,1
20231111,7.1,-0.2,,0.0,,,0.0,0.0,0.2,1
20231112,7.0,1.5,,0.0,,,0.0,0.0,0.0,1
20231113,8.4,-0.4,,0.5,,,0.0,0.0,0.4,1
20231114,11.7,3.5,,0.0,,,2.5999999999999996,0.0,0.0,1
20231115,14.0,4.7,,0.0,,,4.35,0.0,0.0,1
20231116,9.6,4.1,,18.0,,,1.8499999999999996,0.0,0.0,0
20231117,9.3,2.5,,7.5,,,0.9000000000000004,0.0,0.0,0
20231118,8.5,-0.3,,1.0,,,0.0,0.0,0.3,0
20231119,14.4,1.7,,0.0,,,3.0500000000000007,0.0,0.0,1
20231120,12.0,2.2,,0.0,,,2.0999999999999996,0.0,0.0,1
20231121,12.5,-0.2,,0.0,,,1.1500000000000004,0.0,0.2,1
20231122,11.9,0.0,,2.0,,,0.9500000000000002,0.0,0.0,0
20231123,9.5,3.4,,9.5,,,1.4500000000000002,0.0,0.0,0
20231124,3.4,-4.5,,0.0,,,0.0,0.0,4.5,1
20231125,3.6,-7.1,,0.0,,,0.0,0.0,7.1,1
20231126,8.6,-4.0,,0.5,,,0.0,0.0,4.0,1
20231127,7.7,1.7,,0.5,,,0.0,0.0,0.0,1
20231128,5.3,-1.3,,0.0,,,0.0,0.0,1.3,1
20231129,4.3,-2.6,,0.0,,,0.0,0.0,2.6,1
20231130,-1.7,-7.4,,0.0,,,0.0,0.0,7.4,1
20231201,0.3,-6.3,,0.0,,,0.0,0.0,6.3,1
20231202,5.1,-5.0,,0.0,,,0.0,0.0,5.0,1
20231203,5.3,-1.4,,0.0,,,0.0,0.0,1.4,1
20231204,7.5,-5.2,,0.0,,,0.0,0.0,5.2,1
20231205,10.2,-2.7,,0.0,,,0.0,0.0,2.7,1
20231206,10.1,-0.1,,0.5,,,0.0,0.0,0.1,1
20231207,9.3,0.7,,0.0,,,0.0,0.0,0.0,1
20231208,16.7,-0.3,,0.0,,,3.1999999999999993,0.0,0.3,1
20231209,17.8,6.8,,0.0,,,7.300000000000001,0.0,0.0,1
20231210,14.9,6.2,,0.0,,,5.550000000000001,0.0,0.0,1
20231211,10.3,8.1,,32.0,,,4.199999999999999,0.0,0.0,0
20231212,8.1,3.8,,0.5,,,0.9499999999999993,0.0,0.0,1
20231213,9.1,2.9,,0.0,,,1.0,0.0,0.0,1
20231214,7.5,5.2,,23.5,,,1.3499999999999996,0.0,0.0,0
20231215,10.5,4.6,,43.0,,,2.55,0.0,0.0,0
20231216,4.6,-9.2,,6.0,,,0.0,0.0,9.2,0
20231217,-7.4,-12.4,,0.0,,,0.0,0.0,12.4,1
20231218,-3.8,-12.2,,0.0,,,0.0,0.0,12.2,1
20231219,-0.7,-9.4,,0.0,,,0.0,0.0,9.4,1
20231220,-2.5,-11.5,,0.0,,,0.0,0.0,11.5,1
20231221,-8.7,-13.7,,0.0,,,0.0,0.0,13.7,1
20231222,-7.8,-14.4,,0.0,,,0.0,0.0,14.4,1
20231223,-2.4,-11.6,,0.0,,,0.0,0.0,11.6,1
20231224,-0.3,-7.4,,0.0,,,0.0,0.0,7.4,1
20231225,0.2,-4.4,,0.0,,,0.0,0.0,4.4,1
20231226,3.9,-1.3,,0.0,,,0.0,0.0,1.3,1
20231227,6.9,-2.1,,0.0,,,0.0,0.0,2.1,1
20231228,4.1,-2.4,,0.0,,,0.0,0.0,2.4,1
20231229,4.3,-4.7,,0.0,,,0.0,0.0,4.7,1
20231230,3.5,-4.0,,0.0,,,0.0,0.0,4.0,1
20231231,4.0,-1.1,,1.0,,,0.0,0.0,1.1,0
20240101,6.0,-2.8,,0.0,,,0.0,0.0,2.8,1
20240102,4.0,0.9,,0.0,,,0.0,0.0,0.0,1
20240103,2.8,-1.0,,0.0,,,0.0,0.0,1.0,1
20240104,3.7,-3.3,,0.0,,,0.0,0.0,3.3,1
20240105,7.0,1.2,,0.0,,,0.0,0.0,0.0,1
20240106,3.2,-2.2,,0.0,,,0.0,0.0,2.2,1
20240107,-1.4,-7.5,,0.0,,,0.0,0.0,7.5,1
20240108,0.0,-10.5,,0.0,,,0.0,0.0,10.5,1
20240109,3.6,-6.2,,0.5,,,0.0,0.0,6.2,1
20240110,0.8,-3.4,,0.0,,,0.0,0.0,3.4,1
20240111,1.8,-4.5,,0.0,,,0.0,0.0,4.5,1
20240112,5.2,-2.0,,0.0,,,0.0,0.0,2.0,1
20240113,3.9,-5.0,,0.0,,,0.0,0.0,5.0,1
20240114,8.0,-6.3,,2.0,,,0.0,0.0,6.3,0
20240115,-0.1,-6.3,,0.0,,,0.0,0.0,6.3,1
20240116,4.2,-7.9,,0.0,,,0.0,0.0,7.9,1
20240117,5.1,-3.8,,3.0,,,0.0,0.0,3.8,0
20240118,6.5,1.2,,3.0,,,0.0,0.0,0.0,0
20240119,3.4,2.0,,0.0,,,0.0,0.0,0.0,1
20240120,2.8,0.3,,7.0,,,0.0,0.0,0.0,0
20240121,5.7,-0.7,,0.0,,,0.0,0.0,0.7,1
20240122,-0.7,-11.4,,0.5,,,0.0,0.0,11.4,1
20240123,-8.9,-14.0,,0.0,,,0.0,0.0,14.0,1
20240124,-6.4,-13.0,,0.0,,,0.0,0.0,13.0,1
20240125,-2.0,-10.3,,0.0,,,0.0,0.0,10.3,1
20240126,1.0,-6.3,,0.0,,,0.0,0.0,6.3,1
20240127,2.7,-2.9,,0.0,,,0.0,0.0,2.9,1
20240128,1.5,-4.4,,0.0,,,0.0,0.0,4.4,1
20240129,2.2,-6.0,,0.0,,,0.0,0.0,6.0,1
20240130,5.2,-8.0,,0.0,,,0.0,0.0,8.0,1
20240131,10.4,0.7,,0.0,,,0.5499999999999998,0.0,0.0,1
20240201,5.0,0.7,,0.0,,,0.0,0.0,0.0,1
20240202,6.8,-0.5,,0.0,,,0.0,0.0,0.5,1
20240203,4.8,-0.5,,0.0,,,0.0,0.0,0.5,1
20240204,5.0,1.3,,0.0,,,0.0,0.0,0.0,1
20240205,3.5,-1.0,,5.0,,,0.0,0.0,1.0,0
20240206,0.9,-1.7,,0.0,,,0.0,0.0,1.7,1
20240207,2.1,-4.5,,0.0,,,0.0,0.0,4.5,1
20240208,3.4,-6.5,,0.0,,,0.0,0.0,6.5,1
20240209,3.6,-4.3,,0.0,,,0.0,0.0,4.3,1
20240210,4.0,-3.7,,0.0,,,0.0,0.0,3.7,1
20240211,3.0,-3.5,,0.0,,,0.0,0.0,3.5,1
20240212,9.4,-5.4,,0.0,,,0.0,0.0,5.4,1
20240213,14.0,0.0,,0.0,,,2.0,0.0,0.0,1
20240214,15.6,7.7,,1.5,,,6.65,0.0,0.0,0
20240215,11.5,-1.2,,2.5,,,0.15000000000000036,0.0,1.2,0
20240216,7.2,-2.7,,0.0,,,0.0,0.0,2.7,1
20240217,12.2,-4.6,,0.0,,,0.0,0.0,4.6,1
20240218,8.9,0.8,,12.0,,,0.0,0.0,0.0,0
20240219,12.7,5.6,,7.5,,,4.149999999999999,0.0,0.0,0
20240220,5.7,2.1,,6.5,,,0.0,0.0,0.0,0
20240221,2.2,0.2,,4.0,,,0.0,0.0,0.0,0
20240222,0.3,-1.6,,1.0,,,0.0,0.0,1.6,0
20240223,2.1,-2.0,,0.0,,,0.0,0.0,2.0,1
20240224,2.1,-1.3,,0.5,,,0.0,0.0,1.3,1
20240225,3.0,-1.3,,0.0,,,0.0,0.0,1.3,1
20240226,5.9,-0.6,,0.0,,,0.0,0.0,0.6,1
20240227,5.1,-2.3,,0.0,,,0.0,0.0,2.3,1
20240228,7.8,-1.9,,0.0,,,0.0,0.0,1.9,1
20240229,3.5,1.0,,0.0,,,0.0,0.0,0.0,1
20240301,1.1,-7.5,,0.0,,,0.0,0.0,7.5,1
20240302,2.4,-9.3,,0.0,,,0.0,0.0,9.3,1
20240303,7.3,-1.1,,1.0,,,0.0,0.0,1.1,0
20240304,10.7,2.5,,0.0,,,1.5999999999999996,0.0,0.0,1
20240305,6.8,2.2,,4.0,,,0.0,0.0,0.0,0
20240306,8.6,0.0,,0.0,,,0.0,0.0,0.0,1
20240307,6.0,-0.7,,0.0,,,0.0,0.0,0.7,1
20240308,5.4,-2.1,,0.0,,,0.0,0.0,2.1,1
20240309,5.7,-4.1,,0.0,,,0.0,0.0,4.1,1
20240310,9.6,-3.8,,0.0,,,0.0,0.0,3.8,1
20240311,10.2,-2.7,,0.0,,,0.0,0.0,2.7,1
20240312,7.3,2.0,,0.0,,,0.0,0.0,0.0,1
20240313,10.7,0.4,,0.0,,,0.5499999999999998,0.0,0.0,1
20240314,13.5,-0.3,,0.0,,,1.5999999999999996,0.0,0.3,1
20240315,15.6,0.4,,0.0,,,3.0,0.0,0.0,1
20240316,18.8,1.0,,0.0,,,4.9,0.0,0.0,1
20240317,12.2,2.1,,0.0,,,2.1499999999999995,0.0,0.0,1
20240318,12.9,-1.7,,0.0,,,0.6000000000000005,0.0,1.7,1
20240319,10.0,1.4,,0.0,,,0.7000000000000002,0.0,0.0,1
20240320,6.8,-0.7,,0.0,,,0.0,0.0,0.7,1
20240321,9.1,-2.5,,0.0,,,0.0,0.0,2.5,1
20240322,14.2,0.2,,2.5,,,2.1999999999999993,0.0,0.0,0
20240323,19.0,8.1,,0.5,,,8.55,0.0,0.0,1
20240324,14.8,7.4,,0.0,,,6.100000000000001,0.0,0.0,1
20240325,9.6,3.8,,8.5,,,1.6999999999999993,0.0,0.0,0
20240326,9.0,1.8,,16.0,,,0.40000000000000036,0.0,0.0,0
20240327,15.4,0.0,,0.0,,,2.7,0.0,0.0,1
20240328,8.6,6.2,,23.0,,,2.4000000000000004,0.0,0.0,0
20240329,14.0,5.0,,0.0,,,4.5,0.0,0.0,1
20240330,14.2,-0.7,,0.0,,,1.75,0.0,0.7,1
20240331,17.5,0.4,,0.0,,,3.9499999999999993,0.0,0.0,1
20240401,18.7,3.7,,0.0,,,6.199999999999999,0.0,0.0,1
20240402,21.4,5.9,,2.0,,,8.649999999999999,0.0,0.0,0
20240403,11.8,9.8,,18.5,,,5.800000000000001,0.0,0.0,0
20240404,11.7,8.3,,0.5,,,5.0,0.0,0.0,1
20240405,16.4,6.4,,0.0,,,6.399999999999999,0.0,0.0,1
20240406,18.6,5.6,,0.0,,,7.100000000000001,0.0,0.0,1
20240407,22.9,6.4,,0.0,,,9.649999999999999,0.0,0.0,1
20240408,23.4,7.9,,0.0,,,10.649999999999999,0.0,0.0,1
20240409,16.8,6.5,,0.0,,,6.65,0.0,0.0,1
20240410,17.7,3.9,,0.0,,,5.799999999999999,0.0,0.0,1
20240411,20.1,8.3,,0.0,,,9.200000000000001,0.0,0.0,1
20240412,24.1,8.2,,0.0,,,11.149999999999999,0.0,0.0,1
20240413,25.4,9.3,,0.0,,,12.350000000000001,0.0,0.0,1
20240414,24.4,9.3,,0.0,,,11.850000000000001,0.0,0.0,1
20240415,16.0,12.4,,12.5,,,9.2,0.0,0.0,0
20240416,18.7,10.7,,1.0,,,9.7,0.0,0.0,0
20240417,21.8,7.4,,0.0,,,9.600000000000001,0.0,0.0,1
20240418,24.0,7.6,,0.0,,,10.8,0.0,0.0,1
20240419,24.4,9.3,,0.0,,,11.850000000000001,0.0,0.0,1
20240420,17.5,11.2,,11.0,,,9.35,0.0,0.0,0
20240421,15.2,11.3,,1.5,,,8.25,0.0,0.0,0
20240422,18.0,10.9,,0.0,,,9.45,0.0,0.0,1
20240423,18.4,9.0,,0.0,,,8.7,0.0,0.0,1
20240424,16.4,8.5,,4.5,,,7.449999999999999,0.0,0.0,0
20240425,21.9,8.0,,0.0,,,9.95,0.0,0.0,1
20240426,24.9,8.9,,0.0,,,11.899999999999999,0.0,0.0,1
20240427,26.0,9.8,,0.0,,,12.899999999999999,0.0,0.0,1
20240428,25.8,8.7,,0.0,,,12.25,0.0,0.0,1
20240429,16.3,12.0,,4.0,,,9.15,0.0,0.0,0
20240430,18.2,11.4,,1.5,,,9.8,0.0,0.0,0
20240501,16.9,6.8,,4.0,,,6.85,0.0,0.0,0
20240502,22.8,5.7,,0.0,,,9.25,0.0,0.0,1
20240503,26.0,10.5,,0.0,,,13.25,0.0,0.0,1
20240504,27.2,9.3,,0.0,,,13.25,0.0,0.0,1
20240505,18.7,15.1,,24.0,,,11.899999999999999,0.0,0.0,0
20240506,16.2,11.8,,14.0,,,9.0,0.0,0.0,0
20240507,14.6,8.6,,20.5,,,6.6,0.0,0.0,0
20240508,17.7,7.3,,1.0,,,7.5,0.0,0.0,0
20240509,20.3,6.0,,0.0,,,8.15,0.0,0.0,1
20240510,24.7,7.6,,0.0,,,11.149999999999999,0.0,0.0,1
20240511,23.7,11.3,,14.0,,,12.5,0.0,0.0,0
20240512,20.2,10.9,,9.0,,,10.55,0.0,0.0,0
20240513,22.6,8.2,,0.0,,,10.4,0.0,0.0,1
20240514,24.1,8.4,,0.0,,,11.25,0.0,0.0,1
20240515,22.4,7.7,,14.5,,,10.049999999999999,0.0,0.0,0
20240516,18.0,5.6,,3.5,,,6.800000000000001,0.0,0.0,0
20240517,24.5,10.5,,0.0,,,12.5,0.0,0.0,1
20240518,26.0,11.2,,0.0,,,13.600000000000001,0.0,0.0,1
20240519,27.4,11.8,,0.0,,,14.600000000000001,0.0,0.0,1
20240520,23.1,11.7,,0.0,,,12.399999999999999,0.0,0.0,1
20240521,19.4,12.5,,0.0,,,10.95,0.0,0.0,1
20240522,26.7,11.3,,0.0,,,14.0,0.0,0.0,1
20240523,26.9,15.7,,0.0,,,16.299999999999997,0.0,0.0,1
20240524,26.0,12.2,,0.0,,,14.100000000000001,0.0,0.0,1
20240525,18.1,14.0,,0.0,,,11.05,0.0,0.0,1
20240526,23.0,12.5,,35.0,,,12.75,0.0,0.0,0
20240527,20.5,13.4,,0.5,,,11.95,0.0,0.0,1
20240528,21.9,9.5,,0.0,,,10.7,0.0,0.0,1
20240529,25.2,9.6,,0.0,,,12.399999999999999,0.0,0.0,1
20240530,23.5,13.9,,0.0,,,13.7,0.0,0.0,1
20240531,24.6,15.5,,0.0,,,15.05,0.0,0.0,1
20240601,22.4,15.0,,0.0,,,13.7,0.0,0.0,1
20240602,23.3,12.8,,0.0,,,13.05,0.0,0.0,1
20240603,23.1,11.8,,0.0,,,12.450000000000003,0.0,0.0,1
20240604,23.4,11.4,,0.0,,,12.399999999999999,0.0,0.0,1
20240605,25.8,10.7,,0.0,,,13.25,0.0,0.0,1
20240606,25.1,14.7,,0.0,,,14.899999999999999,0.0,0.0,1
20240607,25.9,14.3,,1.0,,,15.100000000000001,0.0,0.0,0
20240608,20.9,16.4,,5.0,,,13.649999999999999,0.0,0.0,0
20240609,26.5,16.8,,0.0,,,16.65,0.0,0.0,1
20240610,29.0,17.2,,0.0,,,18.1,0.0,0.0,1
20240611,29.1,19.6,,0.0,,,19.35,0.0,0.0,1
20240612,30.5,16.9,,0.0,,,18.7,0.5,0.0,1
20240613,31.2,16.3,,0.0,,,18.75,1.1999999999999993,0.0,1
20240614,30.5,17.0,,0.0,,,18.75,0.5,0.0,1
20240615,27.4,18.0,,10.5,,,17.7,0.0,0.0,0
20240616,26.5,18.2,,0.0,,,17.35,0.0,0.0,1
20240617,25.6,15.9,,0.0,,,15.75,0.0,0.0,1
20240618,30.2,18.3,,0.0,,,19.25,0.1999999999999993,0.0,1
20240619,33.5,17.4,,0.0,,,20.45,3.5,0.0,1
20240620,27.4,16.1,,0.0,,,16.75,0.0,0.0,1
20240621,29.1,15.2,,0.0,,,17.15,0.0,0.0,1
20240622,23.9,19.9,,11.5,,,16.9,0.0,0.0,0
20240623,24.6,20.3,,6.5,,,17.450000000000003,0.0,0.0,0
20240624,28.0,18.8,,0.0,,,18.4,0.0,0.0,1
20240625,25.0,16.1,,0.0,,,15.55,0.0,0.0,1
20240626,27.9,16.4,,0.0,,,17.15,0.0,0.0,1
20240627,24.2,15.3,,0.0,,,14.75,0.0,0.0,1
20240628,30.3,13.9,,0.0,,,17.1,0.3000000000000007,0.0,1
20240629,27.1,18.7,,42.5,,,17.9,0.0,0.0,0
20240630,23.7,21.0,,45.0,,,17.35,0.0,0.0,0
20240701,28.4,20.0,,0.0,,,19.2,0.0,0.0,1
20240702,21.5,19.5,,43.0,,,15.5,0.0,0.0,0
20240703,26.9,21.4,,23.5,,,19.15,0.0,0.0,0
20240704,29.8,20.7,,0.0,,,20.25,0.0,0.0,1
20240705,27.0,20.9,,4.0,,,18.95,0.0,0.0,0
20240706,30.0,21.4,,0.0,,,20.7,0.0,0.0,1
20240707,26.2,22.3,,39.5,,,19.25,0.0,0.0,0
20240708,24.2,21.2,,231.0,,,17.7,0.0,0.0,0
20240709,23.5,20.7,,19.5,,,17.1,0.0,0.0,0
20240710,24.0,20.0,,57.5,,,17.0,0.0,0.0,0
20240711,26.6,21.1,,0.5,,,18.85,0.0,0.0,1
20240712,29.2,21.1,,0.0,,,20.15,0.0,0.0,1
20240713,28.6,21.3,,0.0,,,19.950000000000003,0.0,0.0,1
20240714,24.7,21.0,,0.0,,,17.85,0.0,0.0,1
20240715,26.8,20.2,,0.0,,,18.5,0.0,0.0,1
20240716,24.9,20.9,,62.0,,,17.9,0.0,0.0,0
20240717,28.2,20.6,,1.0,,,19.4,0.0,0.0,0
20240718,25.9,22.5,,30.0,,,19.2,0.0,0.0,0
20240719,27.0,22.0,,5.0,,,19.5,0.0,0.0,0
20240720,27.4,20.4,,9.0,,,18.9,0.0,0.0,0
20240721,29.1,23.0,,8.5,,,21.05,0.0,0.0,0
20240722,30.3,23.5,,0.0,,,21.9,0.3000000000000007,0.0,1
20240723,26.7,23.4,,1.0,,,20.049999999999997,0.0,0.0,0
20240724,30.5,22.6,,9.0,,,21.55,0.5,0.0,0
20240725,30.3,22.2,,8.5,,,21.25,0.3000000000000007,0.0,0
20240726,30.0,22.8,,0.0,,,21.4,0.0,0.0,1
20240727,30.5,23.7,,31.5,,,22.1,0.5,0.0,0
20240728,32.1,23.5,,0.0,,,22.8,2.1000000000000014,0.0,1
20240729,29.8,23.1,,0.0,,,21.450000000000003,0.0,0.0,1
20240730,29.9,24.1,,0.0,,,22.0,0.0,0.0,1
20240731,31.6,23.2,,0.0,,,22.4,1.6000000000000014,0.0,1
20240801,31.4,23.3,,0.0,,,22.35,1.3999999999999986,0.0,1
20240802,31.8,24.5,,0.0,,,23.15,1.8000000000000007,0.0,1
20240803,32.0,24.6,,0.0,,,23.3,2.0,0.0,1
20240804,33.1,23.0,,0.5,,,23.05,3.1000000000000014,0.0,1
20240805,32.3,22.9,,5.5,,,22.599999999999998,2.299999999999997,0.0,0
20240806,31.3,22.1,,0.0,,,21.700000000000003,1.3000000000000007,0.0,1
20240807,32.1,21.5,,0.0,,,21.8,2.1000000000000014,0.0,1
20240808,28.4,22.6,,0.0,,,20.5,0.0,0.0,1
20240809,31.8,22.6,,0.0,,,22.200000000000003,1.8000000000000007,0.0,1
20240810,31.2,22.0,,0.0,,,21.6,1.1999999999999993,0.0,1
20240811,31.4,22.7,,0.0,,,22.049999999999997,1.3999999999999986,0.0,1
20240812,33.0,22.1,,0.0,,,22.55,3.0,0.0,1
20240813,31.3,21.9,,0.0,,,21.6,1.3000000000000007,0.0,1
20240814,31.5,21.1,,0.0,,,21.3,1.5,0.0,1
20240815,31.0,21.5,,0.0,,,21.25,1.0,0.0,1
20240816,30.8,21.6,,0.0,,,21.200000000000003,0.8000000000000007,0.0,1
20240817,32.0,21.2,,0.0,,,21.6,2.0,0.0,1
20240818,31.0,21.6,,0.0,,,21.3,1.0,0.0,1
20240819,31.4,21.8,,0.0,,,21.6,1.3999999999999986,0.0,1
20240820,31.0,24.6,,0.0,,,22.8,1.0,0.0,1
20240821,28.1,23.5,,15.5,,,20.8,0.0,0.0,0
20240822,29.5,23.5,,9.5,,,21.5,0.0,0.0,0
20240823,30.2,22.7,,0.0,,,21.45,0.1999999999999993,0.0,1
20240824,30.4,21.5,,0.0,,,20.95,0.3999999999999986,0.0,1
20240825,31.0,21.1,,0.0,,,21.05,1.0,0.0,1
20240826,29.5,22.5,,0.0,,,21.0,0.0,0.0,1
20240827,26.2,20.6,,0.0,,,18.4,0.0,0.0,1
20240828,27.8,19.5,,0.0,,,18.65,0.0,0.0,1
20240829,29.6,21.3,,3.5,,,20.450000000000003,0.0,0.0,0
20240830,31.6,19.7,,0.0,,,20.65,1.6000000000000014,0.0,1
20240831,30.1,21.2,,0.0,,,20.65,0.10000000000000142,0.0,1
20240901,29.5,20.5,,0.0,,,20.0,0.0,0.0,1
20240902,27.1,19.2,,0.0,,,18.15,0.0,0.0,1
20240903,27.6,20.0,,0.0,,,18.8,0.0,0.0,1
20240904,29.0,17.5,,0.0,,,18.25,0.0,0.0,1
20240905,31.1,17.7,,0.0,,,19.4,1.1000000000000014,0.0,1
20240906,25.3,20.6,,0.0,,,17.950000000000003,0.0,0.0,1
20240907,26.7,19.2,,1.0,,,17.95,0.0,0.0,0
20240908,31.0,21.4,,0.0,,,21.2,1.0,0.0,1
20240909,31.2,21.7,,0.0,,,21.45,1.1999999999999993,0.0,1
20240910,33.0,21.2,,0.0,,,22.1,3.0,0.0,1
20240911,29.8,21.3,,15.5,,,20.55,0.0,0.0,0
20240912,25.5,22.3,,2.5,,,18.9,0.0,0.0,0
20240913,30.9,22.8,,0.0,,,21.85,0.8999999999999986,0.0,1
20240914,32.0,21.6,,0.0,,,21.8,2.0,0.0,1
20240915,30.5,22.7,,0.0,,,21.6,0.5,0.0,1
20240916,26.3,21.7,,0.0,,,19.0,0.0,0.0,1
20240917,33.0,22.4,,0.0,,,22.7,3.0,0.0,1
20240918,32.2,22.6,,11.0,,,22.400000000000002,2.200000000000003,0.0,0
20240919,29.5,22.2,,0.0,,,20.85,0.0,0.0,1
20240920,24.8,22.8,,17.0,,,18.8,0.0,0.0,0
20240921,24.0,17.6,,161.5,,,15.8,0.0,0.0,0
20240922,23.7,15.9,,0.0,,,14.8,0.0,0.0,1
20240923,22.6,13.5,,0.0,,,13.05,0.0,0.0,1
20240924,23.8,11.8,,0.0,,,12.8,0.0,0.0,1
20240925,25.0,15.4,,0.0,,,15.2,0.0,0.0,1
20240926,26.6,17.6,,0.0,,,17.1,0.0,0.0,1
20240927,26.2,16.9,,0.0,,,16.549999999999997,0.0,0.0,1
20240928,23.2,16.4,,0.0,,,14.799999999999997,0.0,0.0,1
20240929,24.8,15.3,,0.0,,,15.05,0.0,0.0,1
20240930,25.3,11.4,,0.0,,,13.350000000000001,0.0,0.0,1
20241001,22.9,12.6,,0.5,,,12.75,0.0,0.0,1
20241002,17.9,6.7,,0.0,,,7.299999999999999,0.0,0.0,1
20241003,16.0,6.5,,4.5,,,6.25,0.0,0.0,0
20241004,19.7,8.1,,0.0,,,8.899999999999999,0.0,0.0,1
20241005,19.5,8.7,,0.0,,,9.1,0.0,0.0,1
20241006,17.1,11.1,,0.0,,,9.100000000000001,0.0,0.0,1
20241007,17.4,12.3,,4.0,,,9.85,0.0,0.0,0
20241008,20.5,11.9,,0.0,,,11.2,0.0,0.0,1
20241009,19.7,10.1,,0.0,,,9.899999999999999,0.0,0.0,1
20241010,20.9,10.3,,0.0,,,10.6,0.0,0.0,1
20241011,21.9,9.3,,0.0,,,10.6,0.0,0.0,1
20241012,21.8,8.7,,0.0,,,10.25,0.0,0.0,1
20241013,20.4,8.0,,0.0,,,9.2,0.0,0.0,1
20241014,17.6,13.6,,5.5,,,10.600000000000001,0.0,0.0,0
20241015,17.8,14.5,,15.0,,,11.149999999999999,0.0,0.0,0
20241016,21.2,13.7,,0.0,,,12.45,0.0,0.0,1
20241017,20.0,14.0,,0.0,,,12.0,0.0,0.0,1
20241018,21.1,13.4,,26.0,,,12.25,0.0,0.0,0
20241019,20.9,9.7,,10.0,,,10.299999999999999,0.0,0.0,0
20241020,12.1,7.8,,0.0,,,4.949999999999999,0.0,0.0,1
20241021,15.6,8.0,,2.0,,,6.800000000000001,0.0,0.0,0
20241022,16.7,12.9,,21.0,,,9.8,0.0,0.0,0
20241023,16.0,8.9,,1.5,,,7.449999999999999,0.0,0.0,0
20241024,16.3,5.9,,0.0,,,6.100000000000001,0.0,0.0,1
20241025,17.5,6.9,,0.0,,,7.199999999999999,0.0,0.0,1
20241026,19.6,10.9,,0.0,,,10.25,0.0,0.0,1
20241027,15.4,9.7,,2.5,,,7.550000000000001,0.0,0.0,0
20241028,14.0,9.7,,0.0,,,6.85,0.0,0.0,1
20241029,16.3,9.1,,0.0,,,7.699999999999999,0.0,0.0,1
20241030,19.4,7.6,,0.0,,,8.5,0.0,0.0,1
20241031,18.9,7.4,,0.5,,,8.149999999999999,0.0,0.0,1
20241101,12.6,9.7,,2.5,,,6.149999999999999,0.0,0.0,0
20241102,20.8,10.9,,0.5,,,10.850000000000001,0.0,0.0,1
20241103,18.9,8.6,,0.0,,,8.75,0.0,0.0,1
20241104,18.9,8.6,,0.0,,,8.75,0.0,0.0,1
20241105,12.6,5.1,,0.0,,,3.8499999999999996,0.0,0.0,1
20241106,10.8,0.5,,0.0,,,0.6500000000000004,0.0,0.0,1
20241107,15.1,-1.6,,0.0,,,1.75,0.0,1.6,1
20241108,16.8,3.8,,0.0,,,5.300000000000001,0.0,0.0,1
20241109,17.0,7.6,,0.0,,,7.300000000000001,0.0,0.0,1
20241110,17.7,8.7,,0.0,,,8.2,0.0,0.0,1
20241111,18.2,6.3,,0.0,,,7.25,0.0,0.0,1
20241112,16.9,6.4,,0.0,,,6.649999999999999,0.0,0.0,1
20241113,17.0,4.7,,0.0,,,5.85,0.0,0.0,1
20241114,15.7,7.4,,0.0,,,6.550000000000001,0.0,0.0,1
20241115,15.3,10.1,,4.0,,,7.699999999999999,0.0,0.0,0
20241116,21.0,9.9,,0.5,,,10.45,0.0,0.0,1
20241117,13.7,1.8,,0.0,,,2.75,0.0,0.0,1
20241118,5.6,-3.3,,0.0,,,0.0,0.0,3.3,1
20241119,9.6,-2.3,,0.0,,,0.0,0.0,2.3,1
20241120,9.6,0.4,,0.0,,,0.0,0.0,0.0,1
20241121,11.7,4.2,,0.0,,,2.9499999999999993,0.0,0.0,1
20241122,9.2,-1.1,,0.0,,,0.0,0.0,1.1,1
20241123,9.8,-2.2,,0.0,,,0.0,0.0,2.2,1
20241124,12.1,0.4,,0.0,,,1.25,0.0,0.0,1
20241125,11.8,1.3,,0.0,,,1.5500000000000007,0.0,0.0,1
20241126,9.1,3.0,,18.5,,,1.0499999999999998,0.0,0.0,0
20241127,3.0,-1.2,,6.5,,,0.0,0.0,1.2,0
20241128,5.1,-1.0,,1.0,,,0.0,0.0,1.0,0
20241129,2.7,-2.4,,0.0,,,0.0,0.0,2.4,1
20241130,7.0,0.3,,0.0,,,0.0,0.0,0.0,1
20241201,11.3,2.3,,0.0,,,1.8000000000000007,0.0,0.0,1
20241202,14.2,3.4,,0.0,,,3.799999999999999,0.0,0.0,1
20241203,4.3,-1.5,,0.0,,,0.0,0.0,1.5,1
20241204,4.7,-2.0,,0.0,,,0.0,0.0,2.0,1
20241205,6.5,-1.3,,0.0,,,0.0,0.0,1.3,1
20241206,4.8,-1.0,,0.0,,,0.0,0.0,1.0,1
20241207,2.9,-2.5,,0.0,,,0.0,0.0,2.5,1
20241208,1.5,-4.3,,0.0,,,0.0,0.0,4.3,1
20241209,4.6,-5.6,,0.0,,,0.0,0.0,5.6,1
20241210,5.3,-0.5,,0.0,,,0.0,0.0,0.5,1
20241211,5.9,-0.7,,0.0,,,0.0,0.0,0.7,1
20241212,3.8,-3.8,,0.0,,,0.0,0.0,3.8,1
20241213,3.3,-3.3,,0.0,,,0.0,0.0,3.3,1
20241214,1.2,-4.7,,0.0,,,0.0,0.0,4.7,1
20241215,1.1,-2.6,,0.5,,,0.0,0.0,2.6,1
20241216,3.9,-3.8,,0.0,,,0.0,0.0,3.8,1
20241217,3.4,-2.6,,0.0,,,0.0,0.0,2.6,1
20241218,-1.4,-6.4,,0.0,,,0.0,0.0,6.4,1
20241219,2.4,-9.6,,0.0,,,0.0,0.0,9.6,1
20241220,2.8,-5.5,,0.0,,,0.0,0.0,5.5,1
20241221,1.9,-5.4,,1.0,,,0.0,0.0,5.4,0
20241222,-2.3,-8.5,,0.0,,,0.0,0.0,8.5,1
20241223,2.5,-6.0,,0.0,,,0.0,0.0,6.0,1
20241224,2.6,-4.5,,0.0,,,0.0,0.0,4.5,1
20241225,4.0,-4.7,,0.0,,,0.0,0.0,4.7,1
20241226,3.2,-4.1,,0.0,,,0.0,0.0,4.1,1
20241227,-1.4,-6.8,,0.0,,,0.0,0.0,6.8,1
20241228,-2.5,-7.4,,0.0,,,0.0,0.0,7.4,1
20241229,2.6,-4.2,,0.0,,,0.0,0.0,4.2,1
20241230,6.6,-0.2,,0.0,,,0.0,0.0,0.2,1
20241231,4.5,-4.2,,0.0,,,0.0,0.0,4.2,1
