date,ta_max,ta_min,ta_avg,rn_day,hm_avg,ws_avg
20240101,5.1,-1.7,,0.333333333,,
20240102,6.733333333,-1.966666667,,0,,
20240103,5.433333333,-2.566666667,,0,,
20240104,8.166666667,-3.866666667,,0,,
20240105,9,-1.366666667,,0,,
20240106,5.466666667,-2.966666667,,0,,
20240107,0.2,-6.333333333,,0,,
20240108,3.066666667,-9.4,,0,,
20240109,4.433333333,-4.133333333,,0,,
20240110,3.6,-2.866666667,,0,,
20240111,7.166666667,-4.033333333,,0,,
20240112,7.8,-3.7,,0,,
20240113,2.9,-5.1,,0,,
20240114,9.733333333,-4.7,,0,,
20240115,4.833333333,-4.266666667,,0,,
20240116,6.6,-6.2,,0,,
20240117,9.666666667,-1.333333333,,0,,
20240118,7.4,2.566666667,,0.666666667,,
20240119,3.233333333,0.8,,0.166666667,,
20240120,2.866666667,-0.5,,32.16666667,,
20240121,4,-0.733333333,,0.666666667,,
20240122,1.833333333,-9.666666667,,0.166666667,,
20240123,-6.7,-12.36666667,,0,,
20240124,-4.533333333,-13.13333333,,0,,
20240125,0.266666667,-9.7,,0,,
20240126,3.966666667,-7.666666667,,0,,
20240127,5.333333333,-4.7,,0,,
20240128,4.2,-4.866666667,,0,,
20240129,5.8,-5.333333333,,0,,
20240130,5.733333333,-4.666666667,,0,,
20240131,10.83333333,-1.566666667,,0,,
20240201,4.7,-1.733333333,,5.166666667,,
20240202,2.866666667,-2,,1.666666667,,
20240203,2.633333333,-0.566666667,,0.166666667,,
20240204,3.966666667,-0.4,,0,,
20240205,2.833333333,-2.433333333,,41.83333333,,
20240206,0.9,-2.966666667,,0.333333333,,
20240207,2.633333333,-3.633333333,,0.5,,
20240208,5.2,-4.433333333,,0,,
20240209,5.4,-3.4,,0,,
20240210,4.633333333,-3.533333333,,0,,
20240211,4.866666667,-3.633333333,,0,,
20240212,10.46666667,-4.1,,0,,
20240213,13.56666667,-0.366666667,,0,,
20240214,17.73333333,5.033333333,,0,,
20240215,11.76666667,-1.666666667,,8.333333333,,
20240216,6.066666667,-3.466666667,,0,,
20240217,13.4,-2.8,,0,,
20240218,17.23333333,1.333333333,,1.666666667,,
20240219,14.36666667,5,,10.66666667,,
20240220,5,0.3,,22,,
20240221,1.733333333,-1.033333333,,28.83333333,,
20240222,-0.433333333,-2.433333333,,19.16666667,,
20240223,-1.133333333,-2.933333333,,3.666666667,,
20240224,0.666666667,-3.3,,0.5,,
20240225,3.966666667,-1.633333333,,0.666666667,,
20240226,3.1,-1.566666667,,0.5,,
20240227,2.533333333,-2.466666667,,0,,
20240228,8.133333333,-3.233333333,,0,,
20240229,5.5,-0.633333333,,0,,
20240301,3.5,-6.6,,0,,
20240302,3.2,-7.833333333,,0,,
20240303,7.266666667,-1.633333333,,0,,
20240304,8.633333333,-2.366666667,,0,,
20240305,6.133333333,2.033333333,,2.666666667,,
20240306,2.966666667,0.2,,2.833333333,,
20240307,4.566666667,-1.8,,0.166666667,,
20240308,6.266666667,-2.8,,0,,
20240309,4.033333333,-4.566666667,,0,,
20240310,9.166666667,-4.333333333,,0,,
20240311,11.16666667,0.9,,0,,
20240312,6.4,-1.9,,0.333333333,,
20240313,12.03333333,-2.433333333,,0,,
20240314,13.06666667,1.9,,0,,
20240315,18.6,2.7,,0,,
20240316,15.43333333,4.1,,0,,
20240317,16.13333333,2.966666667,,0,,
20240318,9.966666667,-0.833333333,,0,,
20240319,10.86666667,1.666666667,,0.166666667,,
20240320,4.3,-2.1,,16.16666667,,
20240321,6.333333333,-2.466666667,,0,,
20240322,12.53333333,-1.4,,0.833333333,,
20240323,12.6,4,,0.5,,
20240324,12.93333333,2.7,,0,,
20240325,9.533333333,3.866666667,,7,,
20240326,5.033333333,-0.3,,23,,
20240327,13.93333333,-0.633333333,,0,,
20240328,10.4,6.333333333,,6.333333333,,
20240329,16.53333333,3.033333333,,0,,
20240330,18.76666667,2.266666667,,0,,
20240331,15,1.6,,0,,
20240401,14.86666667,3.366666667,,0,,
20240402,17.8,5.7,,0,,
20240403,10.9,6.866666667,,7.666666667,,
20240404,11.86666667,5.133333333,,0,,
20240405,15.23333333,4.233333333,,0,,
20240406,18.83333333,6.7,,0,,
20240407,22.1,9.1,,0,,
20240408,22.26666667,9.133333333,,0,,
20240409,10.93333333,1.533333333,,0,,
20240410,16.73333333,0.933333333,,0,,
20240411,19.16666667,9.233333333,,0,,
20240412,22.73333333,8.566666667,,0,,
20240413,24.2,11.56666667,,0,,
20240414,26.26666667,11.46666667,,0,,
20240415,18.96666667,12.13333333,,2.333333333,,
20240416,20.03333333,10.1,,0,,
20240417,20.06666667,9.5,,0,,
20240418,19.4,7.733333333,,0,,
20240419,24.63333333,10,,0,,
20240420,14.53333333,10.23333333,,17.66666667,,
20240421,14.43333333,11.1,,8.666666667,,
20240422,15.63333333,10.16666667,,0,,
20240423,14.76666667,9.6,,3,,
20240424,11.13333333,6.766666667,,6.833333333,,
20240425,24.3,8.566666667,,0,,
20240426,25.5,12.73333333,,0,,
20240427,26.13333333,12.66666667,,0,,
20240428,21.86666667,10.8,,0,,
20240429,14.33333333,9.433333333,,0,,
20240430,16.76666667,8.733333333,,0.333333333,,
20240501,15.16666667,6.133333333,,0,,
20240502,21.53333333,4.833333333,,0,,
20240503,26.6,10.13333333,,0,,
20240504,27.33333333,10.63333333,,0,,
20240505,19.96666667,13.8,,3.333333333,,
20240506,22.03333333,13.13333333,,0.333333333,,
20240507,13.93333333,7.966666667,,9,,
20240508,14.63333333,5.5,,0,,
20240509,23.6,5.566666667,,0,,
20240510,27.36666667,14.7,,0,,
20240511,25.06666667,13.66666667,,0,,
20240512,21.4,11.63333333,,0.166666667,,
20240513,21.63333333,10.36666667,,0,,
20240514,25.53333333,11.36666667,,0,,
20240515,22.13333333,7.233333333,,18.16666667,,
20240516,16.46666667,5.866666667,,17,,
20240517,25.7,7.666666667,,0,,
20240518,28.73333333,15.3,,0,,
20240519,26.93333333,14.03333333,,0,,
20240520,18.93333333,10.53333333,,0.333333333,,
20240521,17.96666667,10.13333333,,0,,
20240522,26.5,10.8,,0,,
20240523,29.4,18.33333333,,0,,
20240524,22.23333333,13.8,,0,,
20240525,20.73333333,11.4,,0,,
20240526,26.63333333,11.63333333,,3,,
20240527,23.1,13.16666667,,0,,
20240528,17.73333333,10.23333333,,1.166666667,,
20240529,27.03333333,9.2,,0,,
20240530,24.86666667,15.26666667,,0,,
20240531,25.4,14.7,,0,,
20240601,20.3,12.46666667,,1.166666667,,
20240602,18.56666667,10.63333333,,1.666666667,,
20240603,19.53333333,9.8,,0,,
20240604,21.5,10.5,,0,,
20240605,25.23333333,11.83333333,,0,,
20240606,25.8,14.33333333,,0,,
20240607,26.7,13.5,,0,,
20240608,23.26666667,16.1,,0.166666667,,
20240609,27.56666667,15.06666667,,0,,
20240610,29.56666667,17.16666667,,0,,
20240611,31,18.83333333,,0,,
20240612,32.3,19.6,,0,,
20240613,29.63333333,18.96666667,,0,,
20240614,27.86666667,18.63333333,,0,,
20240615,26.23333333,18.6,,11.16666667,,
20240616,27.33333333,17.3,,0.666666667,,
20240617,30.16666667,19.76666667,,0,,
20240618,31.66666667,18.4,,0,,
20240619,32.23333333,19.33333333,,0,,
20240620,31.53333333,19,,0,,
20240621,28.43333333,17.46666667,,0,,
20240622,22.76666667,18.1,,39.5,,
20240623,24.23333333,19.46666667,,6.5,,
20240624,26.73333333,19.16666667,,6.333333333,,
20240625,25.46666667,16.46666667,,0,,
20240626,26.23333333,15.63333333,,0,,
20240627,27.53333333,17.53333333,,0,,
20240628,27.46666667,16.33333333,,0,,
20240629,31.6,18.5,,16.66666667,,
20240630,29.2,20.03333333,,3.5,,
20240701,28.43333333,18.36666667,,0,,
20240702,22.16666667,19.23333333,,50.16666667,,
20240703,28.73333333,20.33333333,,2.666666667,,
20240704,30.8,21.26666667,,0,,
20240705,29.16666667,22.7,,3,,
20240706,31.03333333,20.96666667,,6.333333333,,
20240707,29.16666667,21.56666667,,11.66666667,,
20240708,25,21.23333333,,53,,
20240709,25.33333333,20.2,,3.5,,
20240710,26.1,19.26666667,,29.66666667,,
20240711,27.8,19.66666667,,0,,
20240712,28,19.76666667,,0,,
20240713,27.36666667,18.76666667,,0,,
20240714,23.23333333,20,,1.333333333,,
20240715,24.16666667,20,,1,,
20240716,27.7,20.96666667,,5.333333333,,
20240717,28.86666667,21.63333333,,5.833333333,,
20240718,26.23333333,21.93333333,,29,,
20240719,30.6,21.1,,0,,
20240720,29.9,19.93333333,,0,,
20240721,31.23333333,23.23333333,,1.166666667,,
20240722,32.03333333,23.9,,0,,
20240723,30.43333333,23.23333333,,0.833333333,,
20240724,30.86666667,21.86666667,,3.333333333,,
20240725,32.93333333,23.1,,0,,
20240726,33.3,23.9,,0,,
20240727,32.3,23.7,,1,,
20240728,33.8,24.6,,0,,
20240729,32.3,24.86666667,,0,,
20240730,33.33333333,25.46666667,,0,,
20240731,33.96666667,24.06666667,,0,,
20240801,33.66666667,23.5,,0,,
20240802,34.46666667,25.1,,0,,
20240803,34.23333333,25,,0,,
20240804,29.9,23.66666667,,0,,
20240805,30.7,23.33333333,,7,,
20240806,30.1,22.86666667,,6.833333333,,
20240807,32.23333333,22.7,,0.166666667,,
20240808,31.1,23.13333333,,1.166666667,,
20240809,30.33333333,21.63333333,,0,,
20240810,30.8,21.06666667,,0,,
20240811,31.13333333,21.7,,0.166666667,,
20240812,30.03333333,20.76666667,,0,,
20240813,30.3,20.86666667,,0,,
20240814,29.5,21.33333333,,0,,
20240815,29.36666667,21.4,,0,,
20240816,29.4,22.3,,6.333333333,,
20240817,29.7,22.03333333,,0,,
20240818,30.96666667,21.66666667,,0,,
20240819,32.63333333,21.6,,0,,
20240820,28.96666667,23.66666667,,13.5,,
20240821,30.33333333,23.93333333,,1.5,,
20240822,34.16666667,24.3,,0.166666667,,
20240823,32.76666667,23.4,,0,,
20240824,31.6,23.43333333,,0,,
20240825,29.83333333,22.2,,20.16666667,,
20240826,27,22.23333333,,16.16666667,,
20240827,23.73333333,19.33333333,,22.83333333,,
20240828,26.33333333,18.7,,6,,
20240829,24.9,20.93333333,,75,,
20240830,27.1,20.8,,3.833333333,,
20240831,27.53333333,19.16666667,,0,,
20240901,30.4,18.86666667,,0,,
20240902,26.6,19.53333333,,22.83333333,,
20240903,25.1,17.43333333,,0.166666667,,
20240904,27.03333333,16.8,,0,,
20240905,30.83333333,18.4,,0,,
20240906,25.2,19.73333333,,17,,
20240907,26.56666667,19.13333333,,0.333333333,,
20240908,26.96666667,20.06666667,,0.333333333,,
20240909,28.13333333,19.93333333,,0,,
20240910,31.06666667,20.13333333,,0,,
20240911,30.23333333,21.9,,0.833333333,,
20240912,24.4,21.73333333,,23.83333333,,
20240913,28.83333333,21.36666667,,0,,
20240914,25.96666667,21.5,,0,,
20240915,23.1,20.16666667,,28,,
20240916,24.43333333,20.03333333,,0.666666667,,
20240917,31.33333333,21.9,,0,,
20240918,27.23333333,22.43333333,,23.33333333,,
20240919,27.8,22.1,,0,,
20240920,26.3,16.93333333,,36.66666667,,
20240921,19.6,16.8,,104.1666667,,
20240922,19.2,14.46666667,,37.66666667,,
20240923,19.93333333,12.03333333,,0.5,,
20240924,22.13333333,11.5,,0,,
20240925,24.13333333,15.43333333,,0,,
20240926,25.33333333,17.06666667,,5,,
20240927,24.03333333,17.33333333,,9.833333333,,
20240928,21.46666667,16.23333333,,27.5,,
20240929,22.33333333,14.36666667,,0.833333333,,
20240930,24.23333333,13.5,,0,,
20241001,23.96666667,14.13333333,,0,,
20241002,17.9,11.76666667,,0,,
20241003,15.3,11.93333333,,9.333333333,,
20241004,20.26666667,10.4,,0.333333333,,
20241005,21.76666667,10.1,,0,,
20241006,20.33333333,11.86666667,,0.666666667,,
20241007,20.1,13.26666667,,1,,
20241008,15.53333333,11.06666667,,11.66666667,,
20241009,18.53333333,10.96666667,,0.333333333,,
20241010,20.03333333,10.13333333,,0,,
20241011,21.36666667,11.2,,0,,
20241012,22.9,11.4,,0,,
20241013,21.43333333,11.26666667,,0,,
20241014,20.1,14.4,,4.333333333,,
20241015,20.96666667,15.06666667,,5.833333333,,
20241016,20.16666667,13.06666667,,6,,
20241017,21.9,12.33333333,,0,,
20241018,21.46666667,12.93333333,,52,,
20241019,16.56666667,8.666666667,,55.5,,
20241020,12.3,8.5,,0.833333333,,
20241021,17.56666667,9.8,,0.333333333,,
20241022,17.2,13.3,,15.33333333,,
20241023,18.9,9.233333333,,0.333333333,,
20241024,18.8,7.033333333,,0,,
20241025,19.63333333,8.266666667,,0,,
20241026,19.33333333,11.4,,0,,
20241027,19.4,11.2,,0,,
20241028,14.83333333,8.266666667,,12.33333333,,
20241029,16.43333333,7.333333333,,0,,
20241030,19.06666667,8.8,,0,,
20241031,20.1,8.7,,0,,
20241101,15.03333333,10.5,,0.5,,
20241102,17.6,11.36666667,,6,,
20241103,19.2,9.333333333,,0,,
20241104,19.9,9.5,,0,,
20241105,12.93333333,7.266666667,,28,,
20241106,12.76666667,3.2,,0,,
20241107,15.13333333,4.033333333,,0,,
20241108,15.13333333,4.966666667,,0,,
20241109,15,7.4,,0,,
20241110,18.66666667,8.9,,0,,
20241111,18.76666667,8.533333333,,0.333333333,,
20241112,20.4,8.9,,0,,
20241113,16.26666667,9.266666667,,0.166666667,,
20241114,18.16666667,8.7,,0.166666667,,
20241115,17.73333333,10.56666667,,0,,
20241116,21.96666667,11.36666667,,0.5,,
20241117,17.4,4.4,,0,,
20241118,6.8,0.933333333,,0.5,,
20241119,9.7,-0.533333333,,0,,
20241120,12.16666667,1.866666667,,0,,
20241121,13.2,2,,0,,
20241122,10.5,2.8,,0,,
20241123,8.233333333,1.433333333,,0.166666667,,
20241124,11.4,1,,0,,
20241125,14.56666667,2.833333333,,0,,
20241126,12.3,4.2,,6.666666667,,
20241127,4.8,-2,,0.166666667,,
20241128,4.533333333,-1.8,,0,,
20241129,5.133333333,-1.166666667,,0,,
20241130,9.366666667,0.366666667,,0,,
20241201,12.66666667,0.933333333,,0,,
20241202,15.13333333,3.1,,0,,
20241203,9.233333333,-2.033333333,,0,,
20241204,7.4,-3.1,,0,,
20241205,7.033333333,-2.033333333,,0,,
20241206,7.066666667,-1.833333333,,0,,
20241207,5.9,-3.9,,0,,
20241208,5.2,-4.1,,0,,
20241209,7.933333333,-3.6,,0,,
20241210,8.1,-1.866666667,,0,,
20241211,6.066666667,-0.9,,2.666666667,,
20241212,6.766666667,-1.733333333,,0,,
20241213,6,-1.266666667,,0,,
20241214,4.166666667,-3.433333333,,0,,
20241215,5.466666667,-2.1,,0,,
20241216,4.333333333,-5.133333333,,0,,
20241217,4.3,-4.433333333,,0,,
20241218,3.3,-5.633333333,,1,,
20241219,5.766666667,-3.466666667,,0.166666667,,
20241220,7.5,-0.833333333,,0,,
20241221,3.933333333,-2.9,,0,,
20241222,2.166666667,-5.2,,0,,
20241223,6.233333333,-3.633333333,,0,,
20241224,6.2,-4.5,,0,,
20241225,7.233333333,-1.9,,0,,
20241226,6.233333333,-1.833333333,,0,,
20241227,1.933333333,-4.966666667,,0,,
20241228,1.433333333,-5.2,,0,,
20241229,5.566666667,-4.433333333,,0,,
20241230,7.733333333,-2.733333333,,0,,
20241231,5.966666667,-3.3,,0,,
20250101,6.8,-3.633333333,,0,,
20250102,6,-3.566666667,,0,,
20250103,2.366666667,-6.066666667,,0,,
20250104,4.433333333,-6,,0,,
20250105,5.633333333,-3.5,,0,,
20250106,6.366666667,-3.566666667,,0.166666667,,
20250107,0.6,-5.2,,0,,
20250108,0.766666667,-5.2,,0,,
20250109,-4.866666667,-11.66666667,,0,,
20250110,1.7,-10.8,,0,,
20250111,3.2,-7.233333333,,0,,
20250112,3.033333333,-3.866666667,,0,,
20250113,4.133333333,-3.933333333,,0,,
20250114,6.566666667,-0.933333333,,0,,
20250115,0.8,-5.066666667,,0,,
20250116,3.1,-4.8,,0,,
20250117,3.633333333,-4.933333333,,0,,
20250118,10.05,-3.75,,0,,
20250119,10.35,-1.6,,0,,
20250120,9.1,-0.7,,0,,
20250121,7.9,-2.733333333,,0,,
20250122,7.666666667,-1.533333333,,0,,
20250123,8.3,-3.3,,0,,
20250124,7.266666667,-2.533333333,,5.833333333,,
20250125,3.1,-0.366666667,,18.33333333,,
20250126,3.233333333,-0.9,,0.5,,
20250127,5.7,-3.533333333,,0.833333333,,
20250128,-0.733333333,-4.333333333,,0,,
20250129,-1.266666667,-5.466666667,,0,,
20250130,2.4,-7.766666667,,0,,
20250131,5,-4.533333333,,0,,
20250201,4.033333333,-3.366666667,,0,,
20250202,8.333333333,-3.866666667,,0,,
20250203,2.933333333,-7.2,,0,,
20250204,-3.6,-10.53333333,,0,,
20250205,-3.466666667,-11.23333333,,0,,
20250206,-0.3,-11.03333333,,0,,
20250207,-4,-11.1,,0.166666667,,
20250208,-1.266666667,-11.7,,0,,
20250209,1.6,-10.03333333,,0,,
20250210,1.6,-6.433333333,,0,,
20250211,5.9,-6.6,,0,,
20250212,8.333333333,-2.933333333,,0,,
20250213,6.066666667,-5.066666667,,0,,
20250214,10.16666667,-3.366666667,,0,,
20250215,10.4,-1,,0,,
20250216,10.73333333,-0.9,,0,,
20250217,4.933333333,-4.9,,0,,
20250218,2.7,-6.2,,0,,
20250219,1.833333333,-6.5,,0,,
20250220,1.966666667,-7.266666667,,0,,
20250221,1.833333333,-6.5,,0,,
20250222,2.566666667,-6.5,,0,,
20250223,0.9,-7.2,,0,,
20250224,4.233333333,-6.033333333,,0,,
20250225,9.466666667,-4.433333333,,0,,
20250226,10.26666667,-1.433333333,,0,,
20250227,13.03333333,-2.1,,0,,
20250228,15.06666667,1.766666667,,0,,
20250301,14.63333333,2.466666667,,0,,
20250302,11,-0.833333333,,11.83333333,,
20250303,0.766666667,-1.866666667,,18.83333333,,
20250304,1.5,-1.433333333,,17,,
20250305,2.766666667,-0.9,,13.33333333,,
20250306,3.266666667,-2.9,,0.166666667,,
20250307,6.733333333,-3.266666667,,0,,
20250308,9,-0.066666667,,0,,
20250309,10.03333333,-1.133333333,,0,,
20250310,12.76666667,0.066666667,,0,,
20250311,15.13333333,0.933333333,,0,,
20250312,16.2,3.533333333,,0,,
20250313,13.7,2.9,,0,,
20250314,10.96666667,1.266666667,,0,,
20250315,8.166666667,2.666666667,,0.5,,
20250316,5.366666667,-0.3,,2,,
20250317,3.7,-2.633333333,,20.75,,
20250318,3.166666667,-2.833333333,,15.16666667,,
20250319,4.966666667,-5.133333333,,0,,
20250320,12.66666667,-0.266666667,,0,,
20250321,18.6,7.733333333,,0,,
20250322,22.13333333,10.1,,0,,
20250323,19.13333333,7.633333333,,0,,
20250324,22.2,8.333333333,,0,,
20250325,23.7,7.3,,0,,
20250326,17.3,4.1,,0,,
20250327,13.93333333,5.866666667,,0.833333333,,
20250328,7.366666667,0.3,,6.833333333,,
20250329,8.7,-2.033333333,,0.166666667,,
20250330,6.133333333,-4.033333333,,0,,
20250331,10.93333333,-2.766666667,,0,,
20250401,14.03333333,1.166666667,,0,,
20250402,12.03333333,1.133333333,,0,,
20250403,10.73333333,2.966666667,,0,,
20250404,13.5,2.266666667,,0,,
20250405,15.4,4.066666667,,2.166666667,,
20250406,13.73333333,3.366666667,,0.166666667,,
20250407,17.4,3.433333333,,0,,
20250408,18.4,5.033333333,,0,,
20250409,17.4,4.833333333,,0,,
20250410,15.56666667,5.8,,0.166666667,,
20250411,19.03333333,4.8,,0,,
20250412,18.2,6.733333333,,2.833333333,,
20250413,11.5,2.6,,4.5,,
20250414,8.366666667,-0.033333333,,1.166666667,,
20250415,12.4,0.766666667,,0,,
20250416,23.03333333,6.8,,0,,
20250417,25.66666667,11.83333333,,0,,
20250418,25.86666667,12.36666667,,0,,
20250419,23.53333333,8.833333333,,1.833333333,,
20250420,14.8,7.5,,0.166666667,,
20250421,22.03333333,7.433333333,,0,,
20250422,17.63333333,8.766666667,,9,,
20250423,13.26666667,7.033333333,,0,,
20250424,24.06666667,6.2,,0,,
20250425,16.3,6.433333333,,0,,
20250426,22.66666667,8.666666667,,0,,
20250427,23.66666667,13.5,,0,,
20250428,19.03333333,5.666666667,,0,,
20250429,18.3,3.766666667,,0,,
20250430,25.73333333,8.633333333,,0,,
20250501,22.96666667,10.6,,4.833333333,,
20250502,18.5,7.866666667,,0,,
20250503,14.36666667,7.666666667,,9.5,,
20250504,20.36666667,7.566666667,,0,,
20250505,16.6,5.766666667,,0,,
20250506,15.16666667,6.666666667,,0,,
20250507,18.3,5.533333333,,0,,
20250508,21.96666667,8.733333333,,0,,
20250509,15.63333333,11.53333333,,19.66666667,,
20250510,17.6,8.9,,0,,
20250511,17.5,8.966666667,,0.5,,
20250512,23.86666667,9.8,,0,,
20250513,27.5,12.2,,0,,
20250514,27.96666667,14.86666667,,0,,
20250515,25.26666667,16.16666667,,0,,
20250516,25.03333333,15.36666667,,13,,
20250517,26.13333333,14.76666667,,12,,
20250518,20.9,11.16666667,,0,,
20250519,25,10.06666667,,0,,
20250520,30.43333333,18.63333333,,0,,
20250521,25.93333333,13.76666667,,0,,
20250522,17.3,9.833333333,,0.666666667,,
20250523,17.5,8.266666667,,0.333333333,,
20250524,13.16666667,9.4,,10.66666667,,
20250525,18.66666667,8.633333333,,0.333333333,,
20250526,22.7,10.5,,0,,
20250527,22.16666667,12.56666667,,0,,
20250528,20.13333333,11.7,,0.166666667,,
20250529,20.36666667,12.16666667,,0,,
20250530,18.5,8.733333333,,0,,
20250531,23.13333333,9.166666667,,0,,
20250601,21.83333333,11.63333333,,0,,
20250602,22.23333333,14.53333333,,0,,
20250603,23.23333333,13.96666667,,0,,
20250604,25,11.7,,0,,
20250605,26.76666667,12.8,,0,,
20250606,30.16666667,17.6,,0,,
20250607,27.96666667,16.53333333,,0,,
20250608,26.4,17.6,,0,,
20250609,29.1,17.56666667,,0,,
20250610,29.43333333,17.56666667,,0,,
20250611,27.6,16.3,,0,,
20250612,25.36666667,16.6,,0,,
20250613,29.13333333,16.13333333,,1.666666667,,
20250614,26.5,16.66666667,,8,,
20250615,26.23333333,16.76666667,,0,,
20250616,27.26666667,19.16666667,,5.166666667,,
20250617,28.06666667,18.33333333,,0.333333333,,
20250618,28.56666667,19.96666667,,0,,
20250619,32.03333333,20.3,,0,,
20250620,26.93333333,20.76666667,,1.833333333,,
20250621,24.5,17.03333333,,12.83333333,,
20250622,28.23333333,16.96666667,,0,,
20250623,27.8,17.46666667,,0,,
20250624,24,15.86666667,,0.166666667,,
20250625,22.3,16.03333333,,6,,
20250626,24.63333333,16.73333333,,0,,
20250627,30.3,17.63333333,,0,,
20250628,29.3,21.06666667,,2.166666667,,
20250629,32.2,22.46666667,,0,,
20250630,33.1,22.1,,0,,
20250701,33.1,23.16666667,,0,,
20250702,34.36666667,24.2,,0,,
20250703,32.86666667,23.56666667,,0,,
20250704,31.4,23.63333333,,0,,
20250705,33.66666667,23.86666667,,0,,
20250706,34.76666667,24.43333333,,0,,
20250707,31.83333333,23.83333333,,0.166666667,,
20250708,29.33333333,21.5,,0,,
20250709,30,19.5,,0,,
20250710,28,18.16666667,,0,,
20250711,27.7,18.43333333,,0,,
20250712,29.33333333,17.33333333,,0,,
20250713,32.13333333,17.83333333,,14.66666667,,
20250714,21.53333333,18.06666667,,41.16666667,,
20250715,24.2,18.4,,7.333333333,,
20250716,25.3,19.33333333,,6.5,,
20250717,24.43333333,19.86666667,,20.83333333,,
20250718,30.23333333,20.33333333,,7.5,,
20250719,26.33333333,21.53333333,,16.5,,
20250720,28.9,21.63333333,,0,,
20250721,31.96666667,22.03333333,,0,,
20250722,32.26666667,23.76666667,,0,,
20250723,31.73333333,22.93333333,,0,,
20250724,32.9,23.06666667,,0,,
20250725,34.2,22.03333333,,0,,
20250726,34.6,21.83333333,,0,,
20250727,34.8,22.56666667,,0,,
20250728,33.63333333,23.46666667,,0,,
20250729,31.5,22.63333333,,0,,
20250730,31.4,20.66666667,,0,,
20250731,33.06666667,22.73333333,,0,,
20250801,31.36666667,21.1,,0,,
20250802,33,22.9,,0,,
20250803,31.36666667,23.16666667,,0.5,,
20250804,28.23333333,21.56666667,,11.5,,
20250805,30.56666667,22.5,,0.166666667,,
20250806,28.63333333,22.66666667,,7.666666667,,
20250807,28.16666667,21.13333333,,1.166666667,,
20250808,28.33333333,20.06666667,,0,,
20250809,27,19.33333333,,0,,
20250810,27.66666667,17.83333333,,0,,
20250811,25.56666667,18.6,,1.166666667,,
20250812,28.43333333,17.36666667,,0,,
20250813,28.76666667,21.36666667,,1,,
20250814,28.56666667,22.1,,0.333333333,,
20250815,31.13333333,21.7,,0,,
20250816,32.1,21.7,,0,,
20250817,32.63333333,21.5,,0,,
20250818,31.16666667,22.76666667,,0,,
20250819,33.6,23.86666667,,0,,
20250820,33.5,22.86666667,,0,,
20250821,32.33333333,22.4,,0,,
20250822,33.9,22.73333333,,0,,
20250823,33.83333333,23.7,,0,,
20250824,32.63333333,23.36666667,,0,,
20250825,33.03333333,23.53333333,,0,,
20250826,30.2,22.8,,0,,
20250827,28.8,20.6,,0,,
20250828,30.46666667,20.3,,0,,
20250829,33.6,22.76666667,,0,,
20250830,31.5,23.1,,1,,
20250831,32.16666667,22.26666667,,0,,
20250901,32.73333333,23.33333333,,0,,
20250902,28.63333333,20.76666667,,0.833333333,,
20250903,28.8,19.2,,0,,
20250904,23.23333333,19.7,,54.33333333,,
20250905,28.16666667,20.13333333,,0.166666667,,
20250906,32.6,21.16666667,,0,,
20250907,28.7,19.83333333,,1.666666667,,
20250908,29.3,16.53333333,,0,,
20250909,24.5,19.43333333,,0,,
20250910,25.8,17.3,,1.5,,
20250911,26.06666667,15.9,,0,,
20250912,24.23333333,17.66666667,,11.83333333,,
20250913,21.9,18.13333333,,20.16666667,,
20250914,26.06666667,18,,0,,
20250915,29.9,18.36666667,,0,,
20250916,29.2,19.7,,2.333333333,,
20250917,26.86666667,19.1,,17,,
20250918,21.03333333,15.76666667,,7.666666667,,
20250919,20.46666667,14.5,,13.5,,
20250920,20.36666667,14.73333333,,81.5,,
20250921,20.23333333,13.63333333,,7.5,,
20250922,22.13333333,13.1,,0,,
20250923,21.1,14.3,,0,,
20250924,26.2,15.76666667,,0,,
20250925,24.03333333,16.73333333,,1,,
20250926,25.9,14.4,,0,,
20250927,24.06666667,13.7,,0,,
20250928,20.8,16.06666667,,9.166666667,,
20250929,22.1,13.26666667,,0,,
20250930,23.76666667,12.53333333,,0,,
20251001,24.9,13.3,,0,,
20251002,23.96666667,15.06666667,,0,,
20251003,20.46666667,15.9,,5.833333333,,
20251004,20.66666667,16.1,,2,,
20251005,21.53333333,15.53333333,,4,,
20251006,18.7,15.33333333,,54.5,,
20251007,19,16.3,,27.16666667,,
20251008,20.16666667,16.8,,4.166666667,,
20251009,17.46666667,14.3,,13.66666667,,
20251010,18,14.36666667,,0.5,,
20251011,22.53333333,16.23333333,,0.666666667,,
20251012,19.3,15.53333333,,12.83333333,,
20251013,15.66666667,12.13333333,,43.66666667,,
20251014,16.6,12.66666667,,34.16666667,,
20251015,19.43333333,14.73333333,,23.66666667,,
20251016,17.3,14.5,,38.33333333,,
20251017,19.06666667,14.46666667,,7.833333333,,
20251018,16.6,12.43333333,,32.66666667,,
20251019,17.8,11.7,,6.666666667,,
20251020,12.83333333,9.133333333,,47.16666667,,
20251021,13.53333333,8.233333333,,0.666666667,,
20251022,12.3,9.5,,48,,
20251023,15.56666667,10.46666667,,5.333333333,,
20251024,13.4,10.23333333,,33.83333333,,
20251025,17.63333333,10.43333333,,0.333333333,,
20251026,16.6,8.733333333,,0,,
20251027,12.86666667,2.2,,0,,
20251028,13.13333333,-0.433333333,,0,,
20251029,14.83333333,2.633333333,,0,,
20251030,18.3,4.966666667,,0,,
20251031,17.33333333,7.266666667,,0,,
20251101,16.73333333,6.466666667,,0.666666667,,
20251102,12.5,3.233333333,,0.166666667,,
20251103,12.26666667,3.9,,0,,
20251104,17.23333333,4.733333333,,0,,
20251105,16.23333333,5.8,,0,,
20251106,17.36666667,5.566666667,,0,,
20251107,16.83333333,6.9,,0,,
20251108,13.76666667,10.3,,11.66666667,,
20251109,18.26666667,7.3,,0,,
20251110,13.9,2.5,,0,,
20251111,13.96666667,2.933333333,,0,,
20251112,17.3,4.233333333,,0,,
20251113,17.53333333,5.633333333,,0,,
20251114,15.66666667,4.266666667,,0,,
20251115,15.1,2.833333333,,0,,
20251116,19.86666667,4.8,,0,,
20251117,14.46666667,1.033333333,,0,,
20251118,5.233333333,-1.966666667,,0,,
20251119,10.26666667,-2.2,,0,,
20251120,12.53333333,1.233333333,,0,,
20251121,11.26666667,2.766666667,,0,,
20251122,14.3,3.4,,0,,
20251123,14.4,4.9,,0,,
20251124,15.5,5.533333333,,0,,
20251125,10.96666667,3.533333333,,1,,
20251126,12.66666667,1.266666667,,0,,
20251127,11.76666667,0.633333333,,0,,
20251128,7.433333333,-1.066666667,,0,,
20251129,12.86666667,-1.433333333,,0,,
20251130,16.26666667,4.266666667,,0,,
20251201,13.76666667,1.566666667,,0,,
20251202,7.2,-2.4,,0,,
20251203,-1,-6.833333333,,0,,
20251204,3.233333333,-9.6,,0,,
20251205,4.8,-4.866666667,,0,,
20251206,9.333333333,-3.466666667,,0,,
20251207,13.4,1.066666667,,0,,
20251208,10.53333333,-1.666666667,,0,,
20251209,8.266666667,-1.666666667,,0,,
20251210,10.8,0.2,,0,,
20251211,10.7,-0.3,,1.833333333,,
20251212,2.533333333,-1.233333333,,0.833333333,,
20251213,7.033333333,-1.133333333,,0,,
20251214,4.133333333,-1.166666667,,0,,
20251215,6.933333333,-2.933333333,,0,,
20251216,8.666666667,0.033333333,,0,,
20251217,8.866666667,-0.1,,0.833333333,,
20251218,10.6,-1.466666667,,0,,
20251219,12.3,0.733333333,,0,,
20251220,15.33333333,3,,0,,
20251221,8.3,-3.433333333,,0,,
20251222,5.566666667,-4.433333333,,0,,
20251223,9.9,-2.1,,0.166666667,,
20251224,9.5,2.1,,0,,
20251225,4.466666667,-6.366666667,,0,,
20251226,-2.066666667,-10.13333333,,0,,
20251227,2.766666667,-6.833333333,,0,,
20251228,7.3,-4.066666667,,0,,
20251229,9.633333333,-1.5,,0,,
20251230,5.333333333,-5.033333333,,0,,
20251231,0.566666667,-8.5,,0,,
20260101,-1.633333333,-9.8,,0,,
20260102,0.166666667,-9.033333333,,0,,
20260103,3.7,-8.5,,0,,
20260104,7.466666667,-1.233333333,,0,,
20260105,3.933333333,-5.466666667,,0,,
20260106,6.833333333,-7,,0,,
20260107,5.966666667,-4.033333333,,0,,
20260108,-0.3,-8.633333333,,0,,
20260109,5.266666667,-6.466666667,,0,,
20260110,5.333333333,-4.633333333,,1,,
20260111,-3.5,-8.633333333,,0,,
20260112,2.433333333,-9.866666667,,0,,
20260113,4.433333333,-5.9,,0,,
20260114,5.6,-7.633333333,,0,,
20260115,12.93333333,-0.6,,0,,
20260116,11.6,-0.633333333,,0,,
20260117,8.3,-2.533333333,,0,,
20260118,5.466666667,-2.566666667,,0,,
20260119,5.733333333,-4.1,,0,,
20260120,1.2,-6.533333333,,0,,
20260121,-1.766666667,-9,,0,,
20260122,-3.7,-9.566666667,,0,,
20260123,0.9,-9.366666667,,0,,
20260124,0.1,-8.366666667,,0,,
20260125,0,-9.7,,0,,
20260126,4.266666667,-7.8,,0,,
20260127,3.166666667,-6.3,,0,,
20260128,0.5,-7.2,,0,,
20260129,1.466666667,-9.666666667,,0,,
20260130,-0.566666667,-9.633333333,,0,,
20260131,2.533333333,-8.933333333,,0,,
20260201,2.8,-7.033333333,,0,,
20260202,1.433333333,-5.9,,0,,
20260203,6.3,-6.266666667,,0,,
20260204,8.633333333,-1.8,,0,,
20260205,10.36666667,-1.766666667,,0,,
20260206,4.6,-5.3,,0,,
20260207,0.733333333,-8.9,,0,,
20260208,-1.2,-11.63333333,,0,,
20260209,6.3,-8.4,,0,,
20260210,7.8,-1.966666667,,0,,
20260211,7.2,-2.166666667,,0,,
20260212,9.633333333,-1.366666667,,0,,
20260213,13.26666667,0.866666667,,0,,
20260214,13.46666667,3.366666667,,0,,
20260215,15.8,2.166666667,,0,,
20260216,4.2,-1.833333333,,9.833333333,,
20260217,8.066666667,-2.833333333,,0,,
20260218,5.666666667,-3.633333333,,0,,
20260219,8.4,-5.033333333,,0,,
20260220,12.8,-1.166666667,,0,,
20260221,17.73333333,1.333333333,,0,,
20260222,16.66666667,1.8,,0,,
20260223,9.033333333,-4.5,,0,,
20260224,4.7,-1.266666667,,3.833333333,,
20260225,7,-1.233333333,,0,,
20260226,7.6,2.3,,0,,
20260227,7.6,2,,0,,
20260228,5.9,1.1,,0,,
20260301,5.066666667,3.1,,0,,
20260302,4.833333333,2.733333333,,20.16666667,,
20260303,4.366666667,1.066666667,,17.66666667,,
20260304,7.566666667,-0.6,,0,,
20260305,10,-0.533333333,,0.166666667,,
20260306,7.1,0.666666667,,0,,
20260307,5.533333333,-2.933333333,,0,,
20260308,8.366666667,-3.766666667,,0,,
20260309,6.2,-2.133333333,,0.833333333,,
20260310,7.733333333,-3.266666667,,0,,
20260311,9.2,-1.866666667,,0,,
20260312,6.866666667,-0.5,,25.5,,
20260313,4.066666667,-1.366666667,,8.666666667,,
20260314,10.26666667,-2.133333333,,0,,
20260315,9.266666667,0.8,,0,,
20260316,10.33333333,0.333333333,,0,,
20260317,12.9,1.866666667,,0,,
20260318,9.933333333,3.733333333,,0.333333333,,
20260319,10.1,0.966666667,,0,,
20260320,13.83333333,1.1,,0,,
20260321,15,0.133333333,,0,,
20260322,15.96666667,4.2,,0,,
20260323,11.8,2.433333333,,0,,
20260324,14.1,1.233333333,,0,,
20260325,13.6,5.433333333,,0,,
20260326,16.06666667,4.666666667,,0,,
20260327,18.7,5.6,,0,,
20260328,14.96666667,4.766666667,,0,,
20260329,16.93333333,4,,0,,
20260330,19.8,8.066666667,,3.833333333,,
20260331,10.5,5.966666667,,36.66666667,,
20260401,14.33333333,5.166666667,,2.833333333,,
20260402,15.5,5.766666667,,0,,
20260403,21.16666667,6.733333333,,0,,
20260404,16.33333333,8.466666667,,20.83333333,,
20260405,16.43333333,6.2,,0,,
20260406,14.76666667,6.133333333,,1.5,,
20260407,11.83333333,0.9,,0,,
20260408,18.76666667,1.733333333,,0,,
20260409,15.4,8.2,,4.166666667,,
20260410,14.96666667,8.7,,1.166666667,,
20260411,19.73333333,6.433333333,,0,,
20260412,21.23333333,5.9,,0,,
20260413,19.76666667,8.566666667,,0,,
20260414,16.9,6.8,,0,,
20260415,17.13333333,5.866666667,,0,,
20260416,16.56666667,4.633333333,,0,,
20260417,19.56666667,7.533333333,,0,,
20260418,22.7,8.966666667,,0,,
20260419,22.56666667,10.7,,0,,
20260420,24.2,9.266666667,,0,,
20260421,21,6.8,,0,,
20260422,21.1,11.03333333,,0,,
20260423,15.03333333,6.266666667,,0,,
20260424,17.4,3.966666667,,0,,
20260425,24.2,6.333333333,,0,,
20260426,23.96666667,10.03333333,,0,,
20260427,18.5,9.266666667,,0,,
20260428,16.9,7.266666667,,0,,
20260429,15.43333333,6.433333333,,0,,
20260430,19,9.133333333,,0,,
20260501,19.33333333,8.966666667,,2.333333333,,
20260502,23.8,14.66666667,,0.333333333,,
20260503,17.43333333,10.76666667,,11,,
20260504,15.76666667,6.7,,2.333333333,,
20260505,23.3,8.666666667,,0,,
20260506,24.93333333,11.36666667,,0,,
20260507,25.86666667,11.23333333,,0,,
20260508,19.43333333,7.666666667,,0,,
20260509,20.53333333,6.933333333,,0,,
20260510,25.7,10.16666667,,0,,
20260511,22.16666667,14.3,,0,,
20260512,22.8,13.83333333,,0.333333333,,
20260513,24.76666667,12.56666667,,0,,
20260514,21,12.13333333,,0,,
20260515,25.36666667,11.5,,0,,
20260516,28.53333333,14.56666667,,0,,
20260517,28.4,15.03333333,,0,,
20260518,31.13333333,15.53333333,,0,,
20260519,26.66666667,15.5,,0,,
20260520,18.46666667,13.16666667,,65.5,,
20260521,16.03333333,13.5,,28.16666667,,
20260522,18.63333333,11.66666667,,0.833333333,,
20260523,17.66666667,12.43333333,,0,,
20260524,23.63333333,10.76666667,,0,,
20260525,24.33333333,13.8,,0,,
20260526,25.13333333,16.9,,0,,
20260527,18.43333333,15.76666667,,5.166666667,,
20260528,25.93333333,15.56666667,,0,,
20260529,25.4,15.4,,0,,
20260530,30.36666667,18.86666667,,0,,
20260531,29.8,19.33333333,,0,,
20260601,29.13333333,18.6,,0,,
20260602,27.03333333,17.36666667,,0,,
20260603,25.53333333,15.93333333,,0,,
20260604,24.63333333,17.23333333,,5.333333333,,
20260605,23.93333333,15.36666667,,0,,
20260606,24.1,12.63333333,,0,,
20260607,20,13.26666667,,0.333333333,,
20260608,20.93333333,13.4,,0.333333333,,
20260609,23.73333333,11.53333333,,0,,
20260610,23.9,14.4,,0.333333333,,
20260611,24.26666667,12.93333333,,12.16666667,,
20260612,27.16666667,15.96666667,,0,,
20260613,27.86666667,16.66666667,,0,,
20260614,26.4,16.03333333,,0,,
20260615,24.5,14.13333333,,0,,
20260616,26.66666667,15.7,,0,,
20260617,26.83333333,16.2,,1.833333333,,
20260618,27.8,19.6,,0,,
20260619,26.96666667,18.93333333,,1,,
20260620,23.6,18.66666667,,83.33333333,,
20260621,22,15.8,,1,,
20260622,19.63333333,15.3,,0.166666667,,
20260623,20.96666667,14.73333333,,0,,
