fire_id,SLTP_CD,TPGRP_TPCD,CLZN_CD,SOIL_DRNGE,ALTTD_CD,WIND_EXDGR,WTEFF_DGR,AVRG_FRAG,drainage_score,weathering_score,frag_score,wind_score,altitude_code,soil_type_code,climate_zone,dist_imsndo
0,03,05,2,2,02,3,02,8,4.0,3.0,8,3.0,2,3,2.0,39205.11402906525
1,11,03,2,2,06,2,02,15,4.0,3.0,15,2.0,6,11,2.0,0.0
2,01,01,1,3,06,1,03,12,3.0,2.0,12,1.0,6,1,1.0,862.2054669114548
3,02,03,2,3,03,2,01,0,3.0,4.0,0,2.0,3,2,2.0,0.0
4,01,01,2,3,05,1,02,0,3.0,3.0,0,1.0,5,1,2.0,0.0
5,03,03,2,3,04,2,01,0,3.0,4.0,0,2.0,4,3,2.0,28.534776501441293
6,03,05,2,2,04,3,02,16,4.0,3.0,16,3.0,4,3,2.0,5001.377462652871
7,01,01,1,3,06,1,03,14,3.0,2.0,14,1.0,6,1,1.0,38884.03254221229
8,01,01,2,3,06,1,03,10,3.0,2.0,10,1.0,6,1,2.0,877.8697447951213
9,11,03,2,2,05,2,02,14,4.0,3.0,14,2.0,5,11,2.0,0.0
10,02,05,2,2,02,2,02,20,4.0,3.0,20,2.0,2,2,2.0,0.0
11,03,03,1,3,04,2,01,13,3.0,4.0,13,2.0,4,3,1.0,0.0
12,03,05,2,2,02,3,02,8,4.0,3.0,8,3.0,2,3,2.0,10672.816004433358
13,82,01,,,07,,,0,3.0,2.0,0,2.0,7,82,2.0,11325.362082952106
14,02,05,2,3,04,3,02,0,3.0,3.0,0,3.0,4,2,2.0,0.0
15,03,05,2,2,02,3,02,8,4.0,3.0,8,3.0,2,3,2.0,27355.4632155178
16,82,01,,,07,,,0,3.0,2.0,0,2.0,7,82,2.0,6435.220201268876
17,03,05,2,2,02,3,02,8,4.0,3.0,8,3.0,2,3,2.0,11276.824350089435
18,02,03,2,2,04,2,02,0,4.0,3.0,0,2.0,4,2,2.0,0.0
19,02,03,2,3,04,2,02,0,3.0,3.0,0,2.0,4,2,2.0,0.0
20,01,01,1,3,06,1,03,14,3.0,2.0,14,1.0,6,1,1.0,48926.23766366364
21,01,01,1,4,05,1,03,11,2.0,2.0,11,1.0,5,1,1.0,0.0
22,01,01,2,4,05,1,02,0,2.0,3.0,0,1.0,5,1,2.0,0.0
23,02,03,2,2,06,2,02,13,4.0,3.0,13,2.0,6,2,2.0,0.0
24,02,03,2,4,02,2,01,10,2.0,4.0,10,2.0,2,2,2.0,0.0
25,01,01,2,4,03,1,03,12,2.0,2.0,12,1.0,3,1,2.0,0.0
26,02,03,1,2,05,2,02,13,4.0,3.0,13,2.0,5,2,1.0,0.0
27,01,01,3,3,01,1,02,13,3.0,3.0,13,1.0,1,1,3.0,4.7957985823046965
28,01,01,1,3,06,1,03,12,3.0,2.0,12,1.0,6,1,1.0,24005.543602652677
29,01,03,2,3,01,1,02,13,3.0,3.0,13,1.0,1,1,2.0,0.0
30,02,03,1,3,08,2,02,18,3.0,3.0,18,2.0,8,2,1.0,0.0
31,10,01,2,3,06,1,03,8,3.0,2.0,8,1.0,6,10,2.0,0.0
32,02,03,2,2,02,2,02,9,4.0,3.0,9,2.0,2,2,2.0,1287.3671028384715
33,01,01,2,3,06,1,02,11,3.0,3.0,11,1.0,6,1,2.0,0.0
34,01,01,2,3,02,1,03,12,3.0,2.0,12,1.0,2,1,2.0,19458.03006939642
35,02,03,2,3,03,2,01,0,3.0,4.0,0,2.0,3,2,2.0,0.0
36,02,03,2,3,03,1,02,15,3.0,3.0,15,1.0,3,2,2.0,0.0
37,02,03,2,2,03,2,02,15,4.0,3.0,15,2.0,3,2,2.0,0.0
38,02,05,2,2,04,2,02,0,4.0,3.0,0,2.0,4,2,2.0,0.0
39,11,03,2,2,06,2,02,15,4.0,3.0,15,2.0,6,11,2.0,0.0
40,02,03,2,2,06,2,02,14,4.0,3.0,14,2.0,6,2,2.0,0.0
41,10,01,2,3,05,1,03,13,3.0,2.0,13,1.0,5,10,2.0,0.0
42,01,03,2,3,02,2,02,0,3.0,3.0,0,2.0,2,1,2.0,19262.753589601256
43,02,07,2,3,01,1,02,0,3.0,3.0,0,1.0,1,2,2.0,9.131514751345604
44,03,05,1,2,04,3,02,13,4.0,3.0,13,3.0,4,3,1.0,0.0
45,03,05,2,2,02,2,02,16,4.0,3.0,16,2.0,2,3,2.0,1059.7885767966095
46,01,01,1,3,02,1,03,9,3.0,2.0,9,1.0,2,1,1.0,0.0
47,04,03,1,3,09,2,02,19,3.0,3.0,19,2.0,9,4,1.0,0.0
48,03,03,2,3,03,2,01,20,3.0,4.0,20,2.0,3,3,2.0,0.0
49,01,01,1,3,06,1,03,14,3.0,2.0,14,1.0,6,1,1.0,12787.413691048285
50,01,01,2,2,07,1,03,14,4.0,2.0,14,1.0,7,1,2.0,11604.610719316035
51,03,05,2,2,02,3,02,8,4.0,3.0,8,3.0,2,3,2.0,38409.55769636103
52,01,01,2,4,09,1,02,0,2.0,3.0,0,1.0,9,1,2.0,4743.257546090178
53,10,01,3,2,02,2,02,14,4.0,3.0,14,2.0,2,10,3.0,0.0
54,01,01,2,4,03,1,03,0,2.0,2.0,0,1.0,3,1,2.0,0.0
55,82,01,,,07,,,0,3.0,2.0,0,2.0,7,82,2.0,15718.499120145289
56,93,,,,01,,,0,3.0,2.0,0,2.0,1,93,2.0,0.0
57,01,01,2,3,02,1,02,11,3.0,3.0,11,1.0,2,1,2.0,0.0
58,10,01,2,2,07,2,02,11,4.0,3.0,11,2.0,7,10,2.0,0.0
59,02,03,2,3,03,2,02,12,3.0,3.0,12,2.0,3,2,2.0,0.0
60,01,01,2,3,08,1,03,15,3.0,2.0,15,1.0,8,1,2.0,5013.655387089542
61,01,01,2,4,05,1,02,0,2.0,3.0,0,1.0,5,1,2.0,0.0
62,03,05,1,2,06,3,01,16,4.0,4.0,16,3.0,6,3,1.0,194.54630629846713
63,02,03,1,3,07,2,01,16,3.0,4.0,16,2.0,7,2,1.0,0.0
64,01,01,1,3,06,1,03,14,3.0,2.0,14,1.0,6,1,1.0,36422.69375132991
65,01,01,1,3,06,1,03,12,3.0,2.0,12,1.0,6,1,1.0,7973.3035056457475
66,03,03,2,3,02,2,01,13,3.0,4.0,13,2.0,2,3,2.0,4.56209331982807
67,02,05,2,2,03,1,01,18,4.0,4.0,18,1.0,3,2,2.0,0.0
68,01,01,1,3,06,1,03,14,3.0,2.0,14,1.0,6,1,1.0,23352.260964204954
69,01,01,2,4,04,1,03,15,2.0,2.0,15,1.0,4,1,2.0,17808.93433406305
70,01,01,2,4,04,1,03,15,2.0,2.0,15,1.0,4,1,2.0,17808.93433406305
71,01,01,1,4,06,1,03,14,2.0,2.0,14,1.0,6,1,1.0,0.0
72,03,05,1,3,09,2,01,0,3.0,4.0,0,2.0,9,3,1.0,0.0
73,01,01,2,3,05,1,02,11,3.0,3.0,11,1.0,5,1,2.0,7944.142551901454
74,03,05,2,2,06,2,02,13,4.0,3.0,13,2.0,6,3,2.0,33.69446003269068
75,03,05,2,2,02,3,02,8,4.0,3.0,8,3.0,2,3,2.0,38655.90241894602
76,01,01,1,3,06,1,03,14,3.0,2.0,14,1.0,6,1,1.0,44118.760256927286
77,04,05,2,2,08,3,01,0,4.0,4.0,0,3.0,8,4,2.0,0.0
78,01,01,1,3,06,1,03,14,3.0,2.0,14,1.0,6,1,1.0,45716.51747484135
79,02,07,2,2,02,2,02,14,4.0,3.0,14,2.0,2,2,2.0,43847.699102460916
80,01,01,1,3,06,1,03,14,3.0,2.0,14,1.0,6,1,1.0,44295.03174196995
81,01,01,2,2,04,1,02,12,4.0,3.0,12,1.0,4,1,2.0,1088.291521763291
82,03,05,2,2,02,3,02,8,4.0,3.0,8,3.0,2,3,2.0,42937.57787065097
83,01,01,2,2,04,1,01,0,4.0,4.0,0,1.0,4,1,2.0,28786.06705916333
84,03,05,2,2,02,3,02,8,4.0,3.0,8,3.0,2,3,2.0,35501.67320494019
85,03,05,2,2,02,3,02,8,4.0,3.0,8,3.0,2,3,2.0,43920.312607367414
86,02,03,2,2,04,2,01,11,4.0,4.0,11,2.0,4,2,2.0,0.0
87,02,05,2,3,01,1,02,0,3.0,3.0,0,1.0,1,2,2.0,0.0
88,02,05,2,3,01,2,02,14,3.0,3.0,14,2.0,1,2,2.0,3.54607675156722
89,03,05,1,2,09,2,01,20,4.0,4.0,20,2.0,9,3,1.0,0.0
90,02,05,1,2,04,3,02,13,4.0,3.0,13,3.0,4,2,1.0,0.0
91,01,01,2,3,06,1,02,13,3.0,3.0,13,1.0,6,1,2.0,0.0
92,01,01,1,3,06,1,03,12,3.0,2.0,12,1.0,6,1,1.0,33724.97047207219
93,03,05,2,2,02,3,02,8,4.0,3.0,8,3.0,2,3,2.0,42171.12019625265
94,11,03,2,3,05,2,03,13,3.0,2.0,13,2.0,5,11,2.0,0.0
95,02,03,2,3,03,2,01,0,3.0,4.0,0,2.0,3,2,2.0,36.90074646335708
96,01,01,1,3,06,1,03,14,3.0,2.0,14,1.0,6,1,1.0,36794.76630672152
97,03,05,2,3,06,2,03,13,3.0,2.0,13,2.0,6,3,2.0,40102.791836630844
98,02,03,2,2,02,2,02,18,4.0,3.0,18,2.0,2,2,2.0,7982.114724191099
99,01,01,1,2,08,1,03,21,4.0,2.0,21,1.0,8,1,1.0,7887.901850431555
100,02,05,1,3,05,2,01,11,3.0,4.0,11,2.0,5,2,1.0,0.0
101,02,03,2,2,04,2,01,0,4.0,4.0,0,2.0,4,2,2.0,986.4827031715937
102,02,03,2,2,02,2,02,17,4.0,3.0,17,2.0,2,2,2.0,0.0
103,01,03,2,3,02,2,02,0,3.0,3.0,0,2.0,2,1,2.0,35768.88327510199
104,03,03,1,3,04,2,01,15,3.0,4.0,15,2.0,4,3,1.0,0.0
105,03,03,1,2,06,2,02,12,4.0,3.0,12,2.0,6,3,1.0,9.142700844158801
106,01,01,2,2,04,1,02,12,4.0,3.0,12,1.0,4,1,2.0,1726.8613297613197
107,01,01,2,3,05,1,02,11,3.0,3.0,11,1.0,5,1,2.0,20918.693234727
108,01,01,2,4,04,1,03,15,2.0,2.0,15,1.0,4,1,2.0,15278.21800134858
109,01,01,2,3,04,1,03,0,3.0,2.0,0,1.0,4,1,2.0,3828.9003721236277
110,01,01,2,3,05,1,02,10,3.0,3.0,10,1.0,5,1,2.0,11501.42763124467
111,01,01,2,3,04,1,02,0,3.0,3.0,0,1.0,4,1,2.0,0.0
112,02,05,2,2,02,2,02,0,4.0,3.0,0,2.0,2,2,2.0,0.0
113,01,03,1,2,04,1,02,0,4.0,3.0,0,1.0,4,1,1.0,0.0
114,01,01,2,3,03,2,02,0,3.0,3.0,0,2.0,3,1,2.0,0.0
115,02,05,2,3,02,3,01,10,3.0,4.0,10,3.0,2,2,2.0,0.0
116,02,05,2,3,01,2,02,0,3.0,3.0,0,2.0,1,2,2.0,0.0
117,03,05,2,2,02,3,02,8,4.0,3.0,8,3.0,2,3,2.0,1766.1054983443505
118,03,05,2,2,02,3,02,8,4.0,3.0,8,3.0,2,3,2.0,24296.01973645725
119,01,01,1,3,06,1,03,14,3.0,2.0,14,1.0,6,1,1.0,37492.84236413647
120,01,01,1,3,06,1,03,12,3.0,2.0,12,1.0,6,1,1.0,29776.282771948794
121,02,05,2,3,01,2,02,12,3.0,3.0,12,2.0,1,2,2.0,0.0
122,02,03,2,3,04,2,01,0,3.0,4.0,0,2.0,4,2,2.0,0.0
123,01,01,1,3,06,1,03,12,3.0,2.0,12,1.0,6,1,1.0,33391.731381379206
124,03,05,2,2,02,3,01,13,4.0,4.0,13,3.0,2,3,2.0,13899.574141196032
125,01,01,1,3,06,1,03,12,3.0,2.0,12,1.0,6,1,1.0,26150.488082515876
126,03,05,2,2,02,3,02,8,4.0,3.0,8,3.0,2,3,2.0,38218.02314778546
127,02,05,2,4,01,2,01,17,2.0,4.0,17,2.0,1,2,2.0,0.0
128,03,05,2,2,02,3,02,8,4.0,3.0,8,3.0,2,3,2.0,6974.000158594288
129,02,05,2,2,03,2,02,0,4.0,3.0,0,2.0,3,2,2.0,108.7328728173365
130,03,03,2,3,03,2,01,0,3.0,4.0,0,2.0,3,3,2.0,0.0
131,03,05,2,2,02,3,02,8,4.0,3.0,8,3.0,2,3,2.0,9749.697317713546
132,01,01,1,3,06,1,03,14,3.0,2.0,14,1.0,6,1,1.0,35521.84260483139
133,01,01,2,4,04,1,03,15,2.0,2.0,15,1.0,4,1,2.0,8872.129237122452
134,82,01,,,02,,,0,3.0,2.0,0,2.0,2,82,2.0,31.992477355590896
135,82,01,2,,05,,,0,3.0,2.0,0,2.0,5,82,2.0,1089.3835794396791
136,02,05,2,2,08,2,02,15,4.0,3.0,15,2.0,8,2,2.0,0.0
137,01,01,1,3,06,1,03,14,3.0,2.0,14,1.0,6,1,1.0,32909.184258939524
138,03,05,2,2,02,3,02,8,4.0,3.0,8,3.0,2,3,2.0,44438.271474204346
139,03,05,2,2,02,3,02,8,4.0,3.0,8,3.0,2,3,2.0,20903.771934979413
140,02,07,2,2,05,2,03,20,4.0,2.0,20,2.0,5,2,2.0,0.0
141,02,03,2,3,04,2,02,0,3.0,3.0,0,2.0,4,2,2.0,0.0
142,01,03,2,3,02,2,02,0,3.0,3.0,0,2.0,2,1,2.0,24965.763643971073
143,02,03,2,3,03,2,02,0,3.0,3.0,0,2.0,3,2,2.0,0.0
144,01,03,2,3,02,2,02,0,3.0,3.0,0,2.0,2,1,2.0,25274.929183673332
145,01,01,1,3,06,1,03,14,3.0,2.0,14,1.0,6,1,1.0,23352.260964204954
146,01,03,2,3,02,2,02,0,3.0,3.0,0,2.0,2,1,2.0,24738.609995980256
147,03,05,2,2,02,3,02,8,4.0,3.0,8,3.0,2,3,2.0,15682.14986557139
148,01,01,2,3,05,1,03,0,3.0,2.0,0,1.0,5,1,2.0,0.0
149,03,05,2,3,06,2,03,13,3.0,2.0,13,2.0,6,3,2.0,15849.775535709261
150,02,05,2,2,02,2,02,0,4.0,3.0,0,2.0,2,2,2.0,17314.49229258037
151,10,01,2,3,05,2,02,11,3.0,3.0,11,2.0,5,10,2.0,0.0
152,03,05,2,2,02,3,02,8,4.0,3.0,8,3.0,2,3,2.0,26633.075069282775
153,01,01,2,3,03,2,03,13,3.0,2.0,13,2.0,3,1,2.0,3017.261553941531
154,03,05,2,2,02,3,02,8,4.0,3.0,8,3.0,2,3,2.0,7944.395648457969
155,02,01,2,4,09,1,02,0,2.0,3.0,0,1.0,9,2,2.0,8908.465239655017
156,01,01,2,4,06,1,03,0,2.0,2.0,0,1.0,6,1,2.0,0.0
157,04,05,1,2,05,3,01,18,4.0,4.0,18,3.0,5,4,1.0,0.0
158,01,01,1,3,06,1,03,14,3.0,2.0,14,1.0,6,1,1.0,30301.464750599258
159,03,05,1,3,06,3,01,20,3.0,4.0,20,3.0,6,3,1.0,0.0
160,03,03,2,3,04,2,02,0,3.0,3.0,0,2.0,4,3,2.0,0.0
161,01,01,1,3,06,1,03,14,3.0,2.0,14,1.0,6,1,1.0,11872.656757503266
162,01,01,1,3,06,1,03,12,3.0,2.0,12,1.0,6,1,1.0,41008.24387024184
163,02,03,1,3,03,2,02,15,3.0,3.0,15,2.0,3,2,1.0,9.640582962636056
164,03,05,2,2,02,3,02,8,4.0,3.0,8,3.0,2,3,2.0,33066.546719229715
165,02,03,2,2,04,2,02,0,4.0,3.0,0,2.0,4,2,2.0,16561.25210176786
166,82,01,,,01,,,0,3.0,2.0,0,2.0,1,82,2.0,1483.894171826411
167,01,01,1,3,06,1,03,14,3.0,2.0,14,1.0,6,1,1.0,57271.63886931079
168,01,01,2,4,07,1,03,0,2.0,2.0,0,1.0,7,1,2.0,2676.124598652701
169,03,05,2,2,02,3,02,8,4.0,3.0,8,3.0,2,3,2.0,42368.90479653163
170,03,03,2,2,06,3,02,0,4.0,3.0,0,3.0,6,3,2.0,0.0
171,01,01,2,2,09,1,02,0,4.0,3.0,0,1.0,9,1,2.0,0.0
172,02,03,1,2,05,2,02,12,4.0,3.0,12,2.0,5,2,1.0,0.0
173,03,05,2,2,02,3,03,14,4.0,2.0,14,3.0,2,3,2.0,0.0
174,10,01,2,4,05,1,03,14,2.0,2.0,14,1.0,5,10,2.0,0.0
175,01,01,2,3,04,1,02,0,3.0,3.0,0,1.0,4,1,2.0,4818.216298148051
176,01,01,3,2,02,2,02,11,4.0,3.0,11,2.0,2,1,3.0,0.0
177,03,03,2,2,06,3,02,0,4.0,3.0,0,3.0,6,3,2.0,0.0
178,02,03,2,2,02,3,02,14,4.0,3.0,14,3.0,2,2,2.0,0.0
179,03,05,2,3,05,3,02,19,3.0,3.0,19,3.0,5,3,2.0,0.0
180,01,01,3,3,04,1,02,0,3.0,3.0,0,1.0,4,1,3.0,0.0
181,03,05,2,2,02,3,02,8,4.0,3.0,8,3.0,2,3,2.0,32313.403711192437
182,03,05,1,3,03,2,02,15,3.0,3.0,15,2.0,3,3,1.0,3452.988528302205
183,03,05,2,2,02,3,02,8,4.0,3.0,8,3.0,2,3,2.0,31772.270151269888
184,02,05,1,2,01,2,02,14,4.0,3.0,14,2.0,1,2,1.0,0.0
185,01,07,2,2,01,1,02,0,4.0,3.0,0,1.0,1,1,2.0,0.0
186,01,01,1,3,06,1,03,14,3.0,2.0,14,1.0,6,1,1.0,38463.80460848146
187,03,05,2,2,04,3,02,16,4.0,3.0,16,3.0,4,3,2.0,23073.407348161956
188,02,07,2,2,02,1,02,14,4.0,3.0,14,1.0,2,2,2.0,0.0
189,01,01,1,3,06,1,03,14,3.0,2.0,14,1.0,6,1,1.0,35309.82418473398
190,03,05,2,2,04,3,02,16,4.0,3.0,16,3.0,4,3,2.0,13869.555999234191
191,02,05,2,3,06,2,02,10,3.0,3.0,10,2.0,6,2,2.0,0.0
192,02,03,2,3,02,2,02,0,3.0,3.0,0,2.0,2,2,2.0,0.0
193,02,05,2,4,01,2,01,17,2.0,4.0,17,2.0,1,2,2.0,0.0
194,03,03,2,3,02,2,02,16,3.0,3.0,16,2.0,2,3,2.0,0.0
195,01,01,2,2,04,1,01,0,4.0,4.0,0,1.0,4,1,2.0,31475.06700441756
196,01,01,1,3,06,1,03,14,3.0,2.0,14,1.0,6,1,1.0,33854.78207951977
197,03,05,2,2,02,3,02,8,4.0,3.0,8,3.0,2,3,2.0,37901.18980809602
198,93,,,,01,,,0,3.0,2.0,0,2.0,1,93,2.0,0.0
199,03,05,1,2,04,3,01,20,4.0,4.0,20,3.0,4,3,1.0,0.0
200,01,01,1,3,06,1,03,14,3.0,2.0,14,1.0,6,1,1.0,20682.588291933545
201,02,03,2,2,06,2,02,0,4.0,3.0,0,2.0,6,2,2.0,13474.689412132395
202,02,03,2,2,02,2,02,11,4.0,3.0,11,2.0,2,2,2.0,47794.04708003398
203,01,01,2,2,05,1,03,0,4.0,2.0,0,1.0,5,1,2.0,5132.032967828038
204,24,03,1,3,02,1,03,0,3.0,2.0,0,1.0,2,24,1.0,0.0
205,24,01,2,2,03,1,02,5,4.0,3.0,5,1.0,3,24,2.0,0.0
206,10,01,2,2,07,1,02,15,4.0,3.0,15,1.0,7,10,2.0,0.0
207,03,05,1,3,08,3,01,16,3.0,4.0,16,3.0,8,3,1.0,0.0
208,28,05,1,1,06,2,03,13,5.0,2.0,13,2.0,6,28,1.0,23.657986364903223
209,02,01,1,3,03,1,02,0,3.0,3.0,0,1.0,3,2,1.0,0.0
210,02,03,2,2,07,2,02,0,4.0,3.0,0,2.0,7,2,2.0,20035.17779547213
211,03,03,2,3,02,2,02,11,3.0,3.0,11,2.0,2,3,2.0,11359.133584366427
212,01,01,1,3,06,1,03,14,3.0,2.0,14,1.0,6,1,1.0,29423.640041708848
213,03,05,2,2,02,3,02,8,4.0,3.0,8,3.0,2,3,2.0,25519.9963710986
214,03,05,2,2,07,3,01,0,4.0,4.0,0,3.0,7,3,2.0,1442.42986718
215,03,05,2,2,04,3,02,16,4.0,3.0,16,3.0,4,3,2.0,21893.237097406243
216,11,03,2,2,04,2,02,0,4.0,3.0,0,2.0,4,11,2.0,0.0
217,03,05,2,2,06,3,01,0,4.0,4.0,0,3.0,6,3,2.0,0.0
218,01,01,2,3,03,1,02,0,3.0,3.0,0,1.0,3,1,2.0,2343.519657431353
219,01,01,2,3,03,2,03,13,3.0,2.0,13,2.0,3,1,2.0,21360.744875713837
220,10,01,2,3,05,1,03,9,3.0,2.0,9,1.0,5,10,2.0,9477.083312218774
221,01,03,2,3,02,2,02,0,3.0,3.0,0,2.0,2,1,2.0,23396.170980154926
222,03,05,2,2,03,3,02,0,4.0,3.0,0,3.0,3,3,2.0,0.0
223,10,03,2,3,06,1,03,10,3.0,2.0,10,1.0,6,10,2.0,0.0
224,01,03,2,3,04,1,02,13,3.0,3.0,13,1.0,4,1,2.0,0.0
225,01,01,1,3,07,1,03,0,3.0,2.0,0,1.0,7,1,1.0,0.0
226,02,01,2,4,07,1,03,0,2.0,2.0,0,1.0,7,2,2.0,0.0
227,02,03,2,2,02,2,02,12,4.0,3.0,12,2.0,2,2,2.0,0.0
228,02,07,2,2,02,2,02,14,4.0,3.0,14,2.0,2,2,2.0,2786.1097972937514
229,03,05,2,2,02,3,01,8,4.0,4.0,8,3.0,2,3,2.0,0.0
230,02,01,2,3,03,1,02,13,3.0,3.0,13,1.0,3,2,2.0,0.0
231,03,05,1,3,08,3,01,0,3.0,4.0,0,3.0,8,3,1.0,0.0
232,03,03,2,3,02,2,02,11,3.0,3.0,11,2.0,2,3,2.0,4932.59274347851
233,02,03,1,3,07,2,03,0,3.0,2.0,0,2.0,7,2,1.0,0.0
234,01,03,2,2,02,2,02,15,4.0,3.0,15,2.0,2,1,2.0,0.0
235,02,05,1,3,06,3,03,14,3.0,2.0,14,3.0,6,2,1.0,14.791618917045303
236,10,01,2,3,06,1,02,8,3.0,3.0,8,1.0,6,10,2.0,0.0
237,11,01,2,3,04,1,02,12,3.0,3.0,12,1.0,4,11,2.0,0.0
238,01,01,2,3,04,1,02,0,3.0,3.0,0,1.0,4,1,2.0,0.0
239,12,05,2,3,06,3,01,0,3.0,4.0,0,3.0,6,12,2.0,0.0
240,02,03,2,3,03,2,02,0,3.0,3.0,0,2.0,3,2,2.0,28.42512114961156
241,03,05,1,3,09,3,01,0,3.0,4.0,0,3.0,9,3,1.0,6.19212954096495
242,01,03,2,3,02,2,02,0,3.0,3.0,0,2.0,2,1,2.0,17672.98093959291
243,82,01,,,07,,,0,3.0,2.0,0,2.0,7,82,2.0,14197.25737209982
244,12,05,2,2,05,2,02,13,4.0,3.0,13,2.0,5,12,2.0,0.0
245,03,05,2,2,02,3,02,8,4.0,3.0,8,3.0,2,3,2.0,31125.72040295768
246,01,01,2,2,03,1,03,0,4.0,2.0,0,1.0,3,1,2.0,28822.289889401276
247,03,05,2,2,04,3,02,19,4.0,3.0,19,3.0,4,3,2.0,0.0
248,01,03,2,3,02,2,02,0,3.0,3.0,0,2.0,2,1,2.0,22294.36022934075
249,01,01,1,3,06,1,03,14,3.0,2.0,14,1.0,6,1,1.0,40297.143725571084
250,01,01,1,3,06,1,03,14,3.0,2.0,14,1.0,6,1,1.0,58829.5737831738
251,01,01,1,3,06,1,03,12,3.0,2.0,12,1.0,6,1,1.0,35822.869626626845
252,03,05,2,2,04,3,02,16,4.0,3.0,16,3.0,4,3,2.0,21155.030128879407
253,03,05,2,2,02,3,02,8,4.0,3.0,8,3.0,2,3,2.0,27077.902499229713
254,82,03,,,05,,,0,3.0,2.0,0,2.0,5,82,2.0,0.0
255,01,01,1,3,06,1,03,14,3.0,2.0,14,1.0,6,1,1.0,38694.6320578825
256,01,01,1,3,06,1,03,14,3.0,2.0,14,1.0,6,1,1.0,34958.561881544745
257,03,05,2,2,02,3,02,8,4.0,3.0,8,3.0,2,3,2.0,40343.27982928987
258,01,03,1,2,05,2,02,13,4.0,3.0,13,2.0,5,1,1.0,0.0
259,02,03,2,2,02,2,02,11,4.0,3.0,11,2.0,2,2,2.0,35761.89754369459
260,02,03,1,2,08,2,02,12,4.0,3.0,12,2.0,8,2,1.0,58.7170413960164
261,24,03,2,2,03,1,03,0,4.0,2.0,0,1.0,3,24,2.0,7627.239019404936
262,03,03,2,2,05,2,02,15,4.0,3.0,15,2.0,5,3,2.0,64.99111596468079
263,02,05,2,2,02,2,02,0,4.0,3.0,0,2.0,2,2,2.0,0.0
264,02,03,1,3,05,2,02,19,3.0,3.0,19,2.0,5,2,1.0,0.0
265,03,05,2,2,02,3,02,8,4.0,3.0,8,3.0,2,3,2.0,36799.23827127048
266,03,05,2,2,02,3,02,8,4.0,3.0,8,3.0,2,3,2.0,35339.95852730499
267,01,01,1,3,06,1,03,14,3.0,2.0,14,1.0,6,1,1.0,59812.413638087
268,03,05,2,2,02,3,02,8,4.0,3.0,8,3.0,2,3,2.0,27159.624736884718
269,01,01,1,3,06,1,03,12,3.0,2.0,12,1.0,6,1,1.0,47013.392080899925
270,01,01,1,3,06,1,03,14,3.0,2.0,14,1.0,6,1,1.0,38694.6320578825
271,02,05,2,2,02,3,02,13,4.0,3.0,13,3.0,2,2,2.0,0.0
272,03,05,2,2,02,3,02,8,4.0,3.0,8,3.0,2,3,2.0,40343.27982928987
273,03,05,2,2,02,3,02,8,4.0,3.0,8,3.0,2,3,2.0,36799.23827127048
274,02,03,1,3,06,2,02,0,3.0,3.0,0,2.0,6,2,1.0,0.0
275,03,05,2,2,02,3,02,8,4.0,3.0,8,3.0,2,3,2.0,29110.79848715247
276,01,01,1,4,09,1,03,13,2.0,2.0,13,1.0,9,1,1.0,0.0
277,01,01,2,4,07,1,03,0,2.0,2.0,0,1.0,7,1,2.0,2106.090568273755
278,01,01,1,3,06,1,03,12,3.0,2.0,12,1.0,6,1,1.0,35822.869626626845
279,02,05,2,3,02,3,02,17,3.0,3.0,17,3.0,2,2,2.0,0.0
280,01,03,2,3,02,2,02,0,3.0,3.0,0,2.0,2,1,2.0,34728.7484402899
281,01,01,2,4,07,1,03,0,2.0,2.0,0,1.0,7,1,2.0,2355.9590033449977
282,03,03,1,3,05,2,02,18,3.0,3.0,18,2.0,5,3,1.0,0.0
283,02,05,2,2,02,2,02,0,4.0,3.0,0,2.0,2,2,2.0,19625.09835064748
284,97,,,,01,,,0,3.0,2.0,0,2.0,1,97,2.0,7759.074383865522
285,02,03,2,2,03,2,02,0,4.0,3.0,0,2.0,3,2,2.0,40.33063878891709
286,03,03,1,3,08,2,02,14,3.0,3.0,14,2.0,8,3,1.0,0.0
287,24,01,1,4,02,1,03,0,2.0,2.0,0,1.0,2,24,1.0,0.0
288,03,05,2,2,02,3,02,8,4.0,3.0,8,3.0,2,3,2.0,36799.23827127048
289,10,01,3,3,02,3,01,0,3.0,4.0,0,3.0,2,10,3.0,0.0
290,01,01,2,4,07,1,03,0,2.0,2.0,0,1.0,7,1,2.0,2106.090568273755
291,03,05,2,2,02,3,02,8,4.0,3.0,8,3.0,2,3,2.0,39721.45605933302
292,01,01,2,4,05,1,02,0,2.0,3.0,0,1.0,5,1,2.0,1712.3462290158502
293,01,01,1,3,09,2,02,14,3.0,3.0,14,2.0,9,1,1.0,18866.775975920085
294,01,01,1,3,06,1,03,14,3.0,2.0,14,1.0,6,1,1.0,38694.6320578825
295,01,03,2,3,02,2,02,0,3.0,3.0,0,2.0,2,1,2.0,21133.935155640014
296,03,05,2,2,04,3,02,16,4.0,3.0,16,3.0,4,3,2.0,14888.958631348783
297,02,05,1,2,04,3,01,12,4.0,4.0,12,3.0,4,2,1.0,0.0
298,02,03,2,3,06,2,02,10,3.0,3.0,10,2.0,6,2,2.0,0.0
299,03,05,1,3,06,3,01,12,3.0,4.0,12,3.0,6,3,1.0,0.0
300,11,03,2,2,05,2,03,12,4.0,2.0,12,2.0,5,11,2.0,0.0
301,02,01,2,4,06,1,02,0,2.0,3.0,0,1.0,6,2,2.0,0.0
302,03,05,2,2,02,3,02,8,4.0,3.0,8,3.0,2,3,2.0,42051.82660397512
303,02,05,1,3,03,1,02,16,3.0,3.0,16,1.0,3,2,1.0,0.0
304,03,05,2,3,01,3,03,8,3.0,2.0,8,3.0,1,3,2.0,0.0
305,93,,,,01,,,0,3.0,2.0,0,2.0,1,93,2.0,0.0
306,24,03,2,2,05,2,02,0,4.0,3.0,0,2.0,5,24,2.0,0.0
307,02,03,2,2,04,2,02,0,4.0,3.0,0,2.0,4,2,2.0,0.0
308,01,01,2,3,06,1,02,14,3.0,3.0,14,1.0,6,1,2.0,0.0
309,01,01,2,4,05,1,02,0,2.0,3.0,0,1.0,5,1,2.0,6179.160168733238
310,02,03,2,2,03,2,02,0,4.0,3.0,0,2.0,3,2,2.0,0.0
311,03,03,2,2,04,3,02,0,4.0,3.0,0,3.0,4,3,2.0,0.0
312,03,05,2,3,06,2,03,13,3.0,2.0,13,2.0,6,3,2.0,47652.14818820833
313,01,01,2,4,03,1,02,0,2.0,3.0,0,1.0,3,1,2.0,0.0
314,01,01,1,3,06,1,03,14,3.0,2.0,14,1.0,6,1,1.0,26203.81323697673
315,03,03,2,2,06,2,02,0,4.0,3.0,0,2.0,6,3,2.0,0.0
316,06,03,2,2,03,2,02,16,4.0,3.0,16,2.0,3,6,2.0,0.0
317,01,03,2,3,03,2,03,11,3.0,2.0,11,2.0,3,1,2.0,3.7133503758152027
318,03,05,2,2,02,3,02,8,4.0,3.0,8,3.0,2,3,2.0,16867.651074762995
319,02,05,2,2,02,2,02,0,4.0,3.0,0,2.0,2,2,2.0,11348.421889768195
320,01,01,2,3,03,2,03,13,3.0,2.0,13,2.0,3,1,2.0,0.0
321,02,03,2,2,04,2,02,0,4.0,3.0,0,2.0,4,2,2.0,6838.091056722594
322,01,01,1,3,06,1,03,14,3.0,2.0,14,1.0,6,1,1.0,57383.33663065413
323,11,03,2,2,05,2,02,15,4.0,3.0,15,2.0,5,11,2.0,0.0
324,02,03,2,2,06,2,02,18,4.0,3.0,18,2.0,6,2,2.0,0.0
325,01,01,2,4,05,1,03,0,2.0,2.0,0,1.0,5,1,2.0,4398.9155895688455
326,01,01,1,3,06,1,03,14,3.0,2.0,14,1.0,6,1,1.0,50320.78736484442
327,01,01,1,3,04,1,02,0,3.0,3.0,0,1.0,4,1,1.0,0.0
328,03,03,1,3,07,3,01,0,3.0,4.0,0,3.0,7,3,1.0,0.0
329,02,03,1,2,01,2,02,16,4.0,3.0,16,2.0,1,2,1.0,0.0
330,02,03,1,3,07,1,02,14,3.0,3.0,14,1.0,7,2,1.0,0.0
331,05,05,2,4,01,3,02,6,2.0,3.0,6,3.0,1,5,2.0,5.511121048835114
332,24,01,2,4,04,1,03,0,2.0,2.0,0,1.0,4,24,2.0,0.0
333,01,01,2,2,04,1,01,0,4.0,4.0,0,1.0,4,1,2.0,9398.765983852078
334,01,01,1,3,09,1,02,0,3.0,3.0,0,1.0,9,1,1.0,0.0
335,02,03,2,2,03,1,02,11,4.0,3.0,11,1.0,3,2,2.0,0.0
336,05,03,2,2,01,1,02,8,4.0,3.0,8,1.0,1,5,2.0,0.0
337,02,05,1,3,03,2,03,10,3.0,2.0,10,2.0,3,2,1.0,0.0
338,24,03,2,2,01,2,03,0,4.0,2.0,0,2.0,1,24,2.0,72.10849149268608
339,01,01,2,3,04,1,02,0,3.0,3.0,0,1.0,4,1,2.0,0.0
340,02,05,2,2,02,2,02,16,4.0,3.0,16,2.0,2,2,2.0,0.0
341,02,03,2,2,07,2,02,0,4.0,3.0,0,2.0,7,2,2.0,1655.9657019551798
342,01,01,1,3,06,1,03,14,3.0,2.0,14,1.0,6,1,1.0,26967.398772374796
343,01,01,1,3,06,1,03,14,3.0,2.0,14,1.0,6,1,1.0,49032.32551970948
344,01,01,2,2,01,1,03,9,4.0,2.0,9,1.0,1,1,2.0,0.0
345,03,05,2,2,02,3,02,8,4.0,3.0,8,3.0,2,3,2.0,14481.46247516789
346,01,01,1,3,06,1,03,14,3.0,2.0,14,1.0,6,1,1.0,30295.62044778348
347,01,01,1,3,06,1,03,14,3.0,2.0,14,1.0,6,1,1.0,30366.18728500728
348,01,01,2,2,03,1,03,0,4.0,2.0,0,1.0,3,1,2.0,26676.147860596855
349,01,01,1,3,06,1,03,14,3.0,2.0,14,1.0,6,1,1.0,27448.687582723054
350,03,05,2,3,02,3,01,22,3.0,4.0,22,3.0,2,3,2.0,197.0913574456172
351,02,03,2,3,03,2,03,9,3.0,2.0,9,2.0,3,2,2.0,1.1382225761620102
352,02,05,2,3,02,2,01,0,3.0,4.0,0,2.0,2,2,2.0,0.0
353,02,05,2,3,02,2,02,10,3.0,3.0,10,2.0,2,2,2.0,3754.5230910078367
354,02,03,2,2,04,2,02,0,4.0,3.0,0,2.0,4,2,2.0,0.0
355,03,03,2,3,03,2,02,14,3.0,3.0,14,2.0,3,3,2.0,0.0
356,01,03,2,3,02,2,02,0,3.0,3.0,0,2.0,2,1,2.0,8791.310873841941
357,02,03,2,2,02,2,02,15,4.0,3.0,15,2.0,2,2,2.0,379.9679347110609
358,02,03,2,2,02,2,02,11,4.0,3.0,11,2.0,2,2,2.0,54894.10546411415
359,02,05,2,3,02,3,03,12,3.0,2.0,12,3.0,2,2,2.0,0.0
360,02,07,2,3,01,1,02,0,3.0,3.0,0,1.0,1,2,2.0,0.0
361,02,03,2,2,04,1,02,15,4.0,3.0,15,1.0,4,2,2.0,0.0
362,03,05,2,2,02,3,02,8,4.0,3.0,8,3.0,2,3,2.0,45582.44918783705
363,02,03,2,3,04,2,02,15,3.0,3.0,15,2.0,4,2,2.0,132.3703436422413
364,03,03,2,3,03,2,01,0,3.0,4.0,0,2.0,3,3,2.0,0.0
365,03,05,2,2,02,3,02,8,4.0,3.0,8,3.0,2,3,2.0,45128.349916521845
366,02,03,2,2,08,2,02,9,4.0,3.0,9,2.0,8,2,2.0,0.0
367,02,01,2,2,07,2,02,0,4.0,3.0,0,2.0,7,2,2.0,0.0
368,01,01,2,3,04,1,03,12,3.0,2.0,12,1.0,4,1,2.0,10657.596525825431
369,01,01,2,3,04,1,03,12,3.0,2.0,12,1.0,4,1,2.0,10761.611671377854
370,03,05,2,3,03,2,02,13,3.0,3.0,13,2.0,3,3,2.0,0.0
371,03,05,2,2,02,3,02,8,4.0,3.0,8,3.0,2,3,2.0,26174.0717302392
372,01,01,2,3,05,1,03,11,3.0,2.0,11,1.0,5,1,2.0,0.0
373,01,01,2,3,03,2,03,13,3.0,2.0,13,2.0,3,1,2.0,0.0
374,01,01,2,2,02,1,02,0,4.0,3.0,0,1.0,2,1,2.0,0.0
375,01,01,2,4,04,1,03,15,2.0,2.0,15,1.0,4,1,2.0,17932.00784232741
376,02,05,2,2,03,2,02,0,4.0,3.0,0,2.0,3,2,2.0,0.0
377,01,01,1,3,06,1,03,14,3.0,2.0,14,1.0,6,1,1.0,48284.05373544876
378,03,05,2,2,02,3,02,8,4.0,3.0,8,3.0,2,3,2.0,31400.00477494394
379,01,03,2,3,02,2,02,0,3.0,3.0,0,2.0,2,1,2.0,29887.068360439014
380,01,03,2,3,02,2,02,0,3.0,3.0,0,2.0,2,1,2.0,29637.61938546957
381,03,03,2,3,02,2,02,11,3.0,3.0,11,2.0,2,3,2.0,2029.5120245422127
382,03,05,2,2,03,3,01,15,4.0,4.0,15,3.0,3,3,2.0,0.0
383,03,05,2,2,03,3,01,15,4.0,4.0,15,3.0,3,3,2.0,0.0
384,01,01,3,4,01,1,02,11,2.0,3.0,11,1.0,1,1,3.0,0.0
385,01,01,1,3,06,1,03,14,3.0,2.0,14,1.0,6,1,1.0,40517.059442378915
386,01,01,1,3,06,1,03,14,3.0,2.0,14,1.0,6,1,1.0,40508.28589086716
387,01,01,2,3,05,1,02,13,3.0,3.0,13,1.0,5,1,2.0,0.0
388,01,01,2,3,05,1,02,0,3.0,3.0,0,1.0,5,1,2.0,22730.44893901896
389,01,01,2,3,05,1,02,0,3.0,3.0,0,1.0,5,1,2.0,22406.621889093534
390,03,05,2,2,04,3,02,16,4.0,3.0,16,3.0,4,3,2.0,19028.344812610983
391,02,03,2,2,02,2,02,15,4.0,3.0,15,2.0,2,2,2.0,50518.722463888334
392,02,05,3,3,01,2,02,10,3.0,3.0,10,2.0,1,2,3.0,0.0
393,10,01,2,3,08,1,03,14,3.0,2.0,14,1.0,8,10,2.0,10.308684512663676
394,03,05,2,2,02,3,02,8,4.0,3.0,8,3.0,2,3,2.0,4113.731261261584
395,03,05,1,3,06,3,01,12,3.0,4.0,12,3.0,6,3,1.0,0.0
396,02,03,2,2,04,2,02,15,4.0,3.0,15,2.0,4,2,2.0,0.0
397,01,01,2,2,05,1,03,11,4.0,2.0,11,1.0,5,1,2.0,0.0
398,03,05,2,2,04,3,02,16,4.0,3.0,16,3.0,4,3,2.0,22758.14031183238
399,10,01,1,4,09,1,02,0,2.0,3.0,0,1.0,9,10,1.0,0.0
400,01,01,2,4,07,1,02,0,2.0,3.0,0,1.0,7,1,2.0,26.984497993024952
401,01,01,1,3,06,1,03,14,3.0,2.0,14,1.0,6,1,1.0,31774.758544414744
402,01,01,1,3,06,1,03,14,3.0,2.0,14,1.0,6,1,1.0,31762.85866278421
403,03,03,2,3,02,2,02,11,3.0,3.0,11,2.0,2,3,2.0,6857.297040293349
404,01,01,2,3,04,1,02,15,3.0,3.0,15,1.0,4,1,2.0,0.0
405,02,03,2,2,01,2,02,0,4.0,3.0,0,2.0,1,2,2.0,0.0
406,01,03,2,3,02,2,02,0,3.0,3.0,0,2.0,2,1,2.0,33496.1968859584
407,06,03,2,3,03,2,02,13,3.0,3.0,13,2.0,3,6,2.0,0.0
408,01,01,1,3,06,1,03,14,3.0,2.0,14,1.0,6,1,1.0,38440.12359794994
409,01,01,1,3,06,1,03,14,3.0,2.0,14,1.0,6,1,1.0,38404.78212088314
410,01,01,2,4,05,1,03,0,2.0,2.0,0,1.0,5,1,2.0,4398.9155895688455
411,11,03,2,2,05,3,02,14,4.0,3.0,14,3.0,5,11,2.0,0.0
412,01,01,2,3,05,1,02,0,3.0,3.0,0,1.0,5,1,2.0,12806.523781353384
413,01,01,2,3,05,1,02,0,3.0,3.0,0,1.0,5,1,2.0,12565.210835962147
414,03,05,2,2,02,3,02,8,4.0,3.0,8,3.0,2,3,2.0,41460.94517495234
415,01,01,1,3,06,1,03,14,3.0,2.0,14,1.0,6,1,1.0,32037.020977828575
416,02,03,2,2,03,2,02,0,4.0,3.0,0,2.0,3,2,2.0,7325.505967313071
417,11,05,2,3,03,3,02,0,3.0,3.0,0,3.0,3,11,2.0,0.0
418,01,01,1,3,06,1,03,14,3.0,2.0,14,1.0,6,1,1.0,46755.34404301249
419,02,05,2,2,02,2,02,0,4.0,3.0,0,2.0,2,2,2.0,132.9892237193625
420,10,01,2,3,05,1,02,12,3.0,3.0,12,1.0,5,10,2.0,0.0
421,01,01,2,2,03,1,02,10,4.0,3.0,10,1.0,3,1,2.0,9101.671093135403
422,01,01,2,3,06,1,03,14,3.0,2.0,14,1.0,6,1,2.0,2277.285412776907
423,02,05,2,3,05,2,02,15,3.0,3.0,15,2.0,5,2,2.0,0.0
424,02,07,2,2,02,2,02,14,4.0,3.0,14,2.0,2,2,2.0,47359.7558904466
425,02,03,2,3,03,2,01,9,3.0,4.0,9,2.0,3,2,2.0,0.0
426,02,01,2,3,04,1,02,13,3.0,3.0,13,1.0,4,2,2.0,0.0
427,02,07,2,2,02,2,02,14,4.0,3.0,14,2.0,2,2,2.0,45587.472577077286
428,02,07,2,2,02,2,02,14,4.0,3.0,14,2.0,2,2,2.0,45768.12214196345
429,02,05,2,3,04,2,02,17,3.0,3.0,17,2.0,4,2,2.0,0.0
430,01,01,1,3,06,1,03,14,3.0,2.0,14,1.0,6,1,1.0,48709.31937849981
431,02,03,1,2,04,1,02,0,4.0,3.0,0,1.0,4,2,1.0,4077.423589592679
432,01,01,1,3,06,1,03,14,3.0,2.0,14,1.0,6,1,1.0,13624.173081954985
433,01,01,2,3,04,1,03,0,3.0,2.0,0,1.0,4,1,2.0,5694.267569793462
434,97,,,,01,,,0,3.0,2.0,0,2.0,1,97,2.0,14297.65804261023
435,01,01,2,3,04,1,02,14,3.0,3.0,14,1.0,4,1,2.0,0.0
436,01,01,1,3,06,1,03,14,3.0,2.0,14,1.0,6,1,1.0,3212.741993319768
437,01,01,1,3,06,1,03,14,3.0,2.0,14,1.0,6,1,1.0,3228.8432012577414
438,03,05,2,3,06,2,03,13,3.0,2.0,13,2.0,6,3,2.0,56251.20590568195
439,02,01,2,3,04,1,03,13,3.0,2.0,13,1.0,4,2,2.0,4178.398559657482
440,02,01,2,3,04,1,03,13,3.0,2.0,13,1.0,4,2,2.0,4464.666127402459
441,03,05,2,3,06,2,03,13,3.0,2.0,13,2.0,6,3,2.0,53768.84052367061
442,03,05,2,2,01,1,02,15,4.0,3.0,15,1.0,1,3,2.0,0.0
443,10,01,2,3,04,1,03,7,3.0,2.0,7,1.0,4,10,2.0,19.064228802700203
444,01,01,2,3,04,1,03,12,3.0,2.0,12,1.0,4,1,2.0,9587.84003603999
445,01,01,2,3,04,1,03,12,3.0,2.0,12,1.0,4,1,2.0,9693.607755870082
446,03,05,2,3,06,2,03,13,3.0,2.0,13,2.0,6,3,2.0,15896.35058794937
447,01,01,2,2,03,2,02,12,4.0,3.0,12,2.0,3,1,2.0,0.0
448,82,01,,,07,,,0,3.0,2.0,0,2.0,7,82,2.0,16748.13421064366
449,01,01,1,3,06,1,03,14,3.0,2.0,14,1.0,6,1,1.0,27375.016436291302
450,01,01,1,3,06,1,03,14,3.0,2.0,14,1.0,6,1,1.0,27228.11047220596
451,02,03,2,2,08,2,02,0,4.0,3.0,0,2.0,8,2,2.0,0.0
452,01,01,1,3,06,1,03,14,3.0,2.0,14,1.0,6,1,1.0,26259.29653090561
453,03,05,2,2,04,3,02,16,4.0,3.0,16,3.0,4,3,2.0,39425.07167354943
454,03,05,2,2,04,3,02,16,4.0,3.0,16,3.0,4,3,2.0,39533.93036296268
455,01,01,2,2,03,1,03,0,4.0,2.0,0,1.0,3,1,2.0,12776.17840365466
456,01,01,2,2,03,1,03,0,4.0,2.0,0,1.0,3,1,2.0,12776.17840365466
457,01,03,1,3,03,1,02,13,3.0,3.0,13,1.0,3,1,1.0,0.0
458,01,01,1,3,06,1,03,14,3.0,2.0,14,1.0,6,1,1.0,39817.100224708694
459,03,05,2,3,05,3,02,10,3.0,3.0,10,3.0,5,3,2.0,0.0
460,03,05,2,2,02,3,02,8,4.0,3.0,8,3.0,2,3,2.0,44019.422131169784
461,01,01,1,3,06,1,03,12,3.0,2.0,12,1.0,6,1,1.0,36219.85957055817
462,01,01,2,3,02,1,03,12,3.0,2.0,12,1.0,2,1,2.0,16634.2785108317
463,03,05,2,2,02,3,02,8,4.0,3.0,8,3.0,2,3,2.0,18709.522927097853
464,01,03,2,3,02,2,02,0,3.0,3.0,0,2.0,2,1,2.0,3918.032988409614
465,01,03,2,3,02,2,02,0,3.0,3.0,0,2.0,2,1,2.0,4024.9493041171813
466,01,01,2,2,06,1,03,0,4.0,2.0,0,1.0,6,1,2.0,0.0
467,03,05,1,3,04,3,01,0,3.0,4.0,0,3.0,4,3,1.0,0.0
468,01,01,1,3,06,1,03,14,3.0,2.0,14,1.0,6,1,1.0,35427.92202971871
469,01,01,1,3,06,1,03,14,3.0,2.0,14,1.0,6,1,1.0,35557.18340781624
470,82,01,,,07,,,0,3.0,2.0,0,2.0,7,82,2.0,10093.3691353115
471,01,01,1,3,06,1,03,12,3.0,2.0,12,1.0,6,1,1.0,35550.11287884123
472,97,,,,01,,,0,3.0,2.0,0,2.0,1,97,2.0,4925.91232588837
473,02,01,1,3,06,2,02,0,3.0,3.0,0,2.0,6,2,1.0,92.1230955730703
474,01,01,2,3,05,1,02,0,3.0,3.0,0,1.0,5,1,2.0,28496.891974657312
475,02,03,2,2,03,2,02,0,4.0,3.0,0,2.0,3,2,2.0,0.0
476,01,01,2,2,05,1,02,0,4.0,3.0,0,1.0,5,1,2.0,0.0
477,03,05,2,3,06,2,03,13,3.0,2.0,13,2.0,6,3,2.0,22719.079488040203
478,01,01,1,3,06,1,03,14,3.0,2.0,14,1.0,6,1,1.0,35650.605281189324
479,01,01,2,3,04,1,02,0,3.0,3.0,0,1.0,4,1,2.0,23205.2400347443
480,01,01,2,3,04,1,02,0,3.0,3.0,0,1.0,4,1,2.0,23025.13218157834
481,02,07,2,2,02,2,02,14,4.0,3.0,14,2.0,2,2,2.0,32679.99749121359
482,02,03,2,2,03,2,02,0,4.0,3.0,0,2.0,3,2,2.0,0.0
483,03,05,2,2,02,2,02,16,4.0,3.0,16,2.0,2,3,2.0,31.356883515539636
484,01,01,1,3,06,1,03,12,3.0,2.0,12,1.0,6,1,1.0,39512.46086969654
485,01,01,1,3,06,1,03,12,3.0,2.0,12,1.0,6,1,1.0,39512.46086969654
486,03,05,2,2,02,2,02,16,4.0,3.0,16,2.0,2,3,2.0,0.0
487,01,01,1,3,06,1,03,12,3.0,2.0,12,1.0,6,1,1.0,35462.84555735624
488,01,01,2,2,03,1,02,0,4.0,3.0,0,1.0,3,1,2.0,0.0
489,01,01,2,3,06,2,03,8,3.0,2.0,8,2.0,6,1,2.0,4490.296993380789
490,01,01,2,3,06,2,03,8,3.0,2.0,8,2.0,6,1,2.0,4732.475738755267
491,02,01,2,3,04,1,03,12,3.0,2.0,12,1.0,4,2,2.0,1751.1197154990912
492,11,05,2,2,06,2,02,18,4.0,3.0,18,2.0,6,11,2.0,0.0
493,03,05,2,2,02,2,02,16,4.0,3.0,16,2.0,2,3,2.0,26290.991017853998
494,03,05,2,3,07,2,01,15,3.0,4.0,15,2.0,7,3,2.0,138.65787318365565
495,01,03,2,3,02,2,02,0,3.0,3.0,0,2.0,2,1,2.0,6660.750809521524
496,03,05,2,2,02,2,01,0,4.0,4.0,0,2.0,2,3,2.0,200.1681564842322
497,12,05,2,2,03,2,02,10,4.0,3.0,10,2.0,3,12,2.0,14.031532055965638
498,02,03,1,3,04,2,01,13,3.0,4.0,13,2.0,4,2,1.0,0.0
499,02,07,2,2,02,2,02,14,4.0,3.0,14,2.0,2,2,2.0,45903.60222600068
500,01,01,1,3,06,1,03,12,3.0,2.0,12,1.0,6,1,1.0,32604.7675118845
501,02,01,2,3,06,1,02,17,3.0,3.0,17,1.0,6,2,2.0,0.0
502,03,05,2,2,04,3,02,16,4.0,3.0,16,3.0,4,3,2.0,10172.041426890117
503,02,03,2,2,01,2,02,0,4.0,3.0,0,2.0,1,2,2.0,0.0
504,02,03,2,2,01,2,02,0,4.0,3.0,0,2.0,1,2,2.0,19.61525069218552
505,01,01,2,2,03,1,03,0,4.0,2.0,0,1.0,3,1,2.0,27791.24491909019
506,03,05,2,2,03,3,02,0,4.0,3.0,0,3.0,3,3,2.0,0.0
507,01,03,2,3,02,2,02,0,3.0,3.0,0,2.0,2,1,2.0,29729.95931407679
508,03,05,2,2,02,3,02,8,4.0,3.0,8,3.0,2,3,2.0,30177.64561791065
509,03,05,2,2,02,3,02,8,4.0,3.0,8,3.0,2,3,2.0,19587.619419597562
510,01,03,2,3,02,2,02,0,3.0,3.0,0,2.0,2,1,2.0,29729.95931407679
511,01,01,1,3,06,1,03,14,3.0,2.0,14,1.0,6,1,1.0,34115.76781444359
512,82,01,,,07,,,0,3.0,2.0,0,2.0,7,82,2.0,752.9744810883844
513,01,01,2,3,04,1,02,15,3.0,3.0,15,1.0,4,1,2.0,462.007527094695
514,02,05,2,3,02,2,02,16,3.0,3.0,16,2.0,2,2,2.0,706.815220560861
515,01,03,2,3,02,2,02,0,3.0,3.0,0,2.0,2,1,2.0,41640.60424260327
516,01,03,2,3,02,2,02,0,3.0,3.0,0,2.0,2,1,2.0,41362.12674931129
517,01,01,2,3,03,1,02,10,3.0,3.0,10,1.0,3,1,2.0,0.0
518,03,03,1,3,04,2,02,13,3.0,3.0,13,2.0,4,3,1.0,9.324765144579258
519,03,03,1,3,04,2,02,13,3.0,3.0,13,2.0,4,3,1.0,0.0
520,10,01,2,3,07,1,03,12,3.0,2.0,12,1.0,7,10,2.0,0.0
521,02,05,2,3,02,3,01,13,3.0,4.0,13,3.0,2,2,2.0,0.0
522,03,03,1,3,01,2,02,0,3.0,3.0,0,2.0,1,3,1.0,0.0
523,02,03,1,2,08,2,02,12,4.0,3.0,12,2.0,8,2,1.0,0.0
524,01,01,2,2,09,1,02,0,4.0,3.0,0,1.0,9,1,2.0,580.6382673044378
525,11,03,2,3,05,2,02,12,3.0,3.0,12,2.0,5,11,2.0,0.0
526,11,03,2,3,05,2,02,12,3.0,3.0,12,2.0,5,11,2.0,0.0
527,03,05,3,2,01,1,02,13,4.0,3.0,13,1.0,1,3,3.0,0.0
528,01,01,1,3,06,1,03,12,3.0,2.0,12,1.0,6,1,1.0,32687.127516309352
529,11,03,1,3,08,2,01,13,3.0,4.0,13,2.0,8,11,1.0,0.0
530,10,01,2,3,07,1,03,12,3.0,2.0,12,1.0,7,10,2.0,0.0
531,02,07,2,3,01,1,02,0,3.0,3.0,0,1.0,1,2,2.0,149.4865881233324
532,02,05,2,2,03,2,02,12,4.0,3.0,12,2.0,3,2,2.0,0.0
533,03,05,2,3,02,3,02,10,3.0,3.0,10,3.0,2,3,2.0,60.96430094309341
534,97,,,,01,,,0,3.0,2.0,0,2.0,1,97,2.0,0.854836411622992
535,03,05,2,2,02,3,02,8,4.0,3.0,8,3.0,2,3,2.0,26959.333714887176
536,03,05,2,3,06,3,01,13,3.0,4.0,13,3.0,6,3,2.0,949.5544607996289
537,01,01,1,3,06,1,03,14,3.0,2.0,14,1.0,6,1,1.0,51717.5999664298
538,02,03,1,3,08,2,02,0,3.0,3.0,0,2.0,8,2,1.0,0.0
539,01,01,1,3,06,1,03,14,3.0,2.0,14,1.0,6,1,1.0,51700.5712046582
540,03,03,1,2,07,2,01,12,4.0,4.0,12,2.0,7,3,1.0,1685.7837872976327
541,02,05,1,2,06,2,02,13,4.0,3.0,13,2.0,6,2,1.0,1630.864262316425
542,02,05,2,2,02,2,01,16,4.0,4.0,16,2.0,2,2,2.0,2077.4798872061574
543,02,07,2,2,05,2,03,20,4.0,2.0,20,2.0,5,2,2.0,0.0
544,01,03,2,2,06,2,02,15,4.0,3.0,15,2.0,6,1,2.0,0.0
545,03,03,1,3,04,2,02,17,3.0,3.0,17,2.0,4,3,1.0,0.0
546,01,01,1,3,06,1,03,14,3.0,2.0,14,1.0,6,1,1.0,36720.04692913147
547,01,01,2,2,03,1,03,0,4.0,2.0,0,1.0,3,1,2.0,28.540996331283498
548,01,01,2,4,04,1,02,0,2.0,3.0,0,1.0,4,1,2.0,0.0
549,01,03,1,4,04,1,03,9,2.0,2.0,9,1.0,4,1,1.0,0.0
550,03,05,1,3,03,2,02,0,3.0,3.0,0,2.0,3,3,1.0,0.0
551,01,01,1,3,06,1,03,12,3.0,2.0,12,1.0,6,1,1.0,42829.986745211434
552,02,03,2,4,03,2,01,17,2.0,4.0,17,2.0,3,2,2.0,0.0
553,02,05,2,3,01,2,02,12,3.0,3.0,12,2.0,1,2,2.0,0.0
554,01,01,1,3,07,1,01,9,3.0,4.0,9,1.0,7,1,1.0,0.0
555,01,01,2,4,05,1,03,0,2.0,2.0,0,1.0,5,1,2.0,0.0
556,11,05,2,2,03,2,03,0,4.0,2.0,0,2.0,3,11,2.0,0.0
557,82,01,,,05,,,0,3.0,2.0,0,2.0,5,82,2.0,0.0
558,82,01,,,05,,,0,3.0,2.0,0,2.0,5,82,2.0,0.0
559,02,03,2,2,03,2,02,0,4.0,3.0,0,2.0,3,2,2.0,0.0
560,02,05,2,2,02,2,02,0,4.0,3.0,0,2.0,2,2,2.0,7987.632053757561
561,03,03,2,3,03,2,02,11,3.0,3.0,11,2.0,3,3,2.0,0.0
562,02,05,2,3,02,2,02,10,3.0,3.0,10,2.0,2,2,2.0,1122.5928138798688
563,02,05,2,3,03,3,02,16,3.0,3.0,16,3.0,3,2,2.0,0.0
564,01,01,2,3,05,1,03,15,3.0,2.0,15,1.0,5,1,2.0,0.0
565,02,03,2,2,04,2,02,0,4.0,3.0,0,2.0,4,2,2.0,0.0
566,02,03,1,3,08,2,02,12,3.0,3.0,12,2.0,8,2,1.0,2.5566861622489796
567,02,03,2,3,02,3,01,15,3.0,4.0,15,3.0,2,2,2.0,0.0
568,01,01,1,3,06,1,03,14,3.0,2.0,14,1.0,6,1,1.0,25601.12061756139
569,10,01,3,3,02,1,02,11,3.0,3.0,11,1.0,2,10,3.0,0.0
570,02,03,2,2,02,2,02,0,4.0,3.0,0,2.0,2,2,2.0,0.0
571,02,05,2,3,01,2,02,11,3.0,3.0,11,2.0,1,2,2.0,0.0
572,01,01,1,3,06,1,03,14,3.0,2.0,14,1.0,6,1,1.0,51482.857401617075
573,01,01,1,3,06,1,03,14,3.0,2.0,14,1.0,6,1,1.0,51383.6639568449
574,03,05,2,2,05,2,02,15,4.0,3.0,15,2.0,5,3,2.0,2842.80093479265
575,03,05,2,2,02,3,02,8,4.0,3.0,8,3.0,2,3,2.0,26206.998440511023
576,02,03,2,2,02,2,02,15,4.0,3.0,15,2.0,2,2,2.0,39425.11289049809
577,02,07,2,2,02,2,02,14,4.0,3.0,14,2.0,2,2,2.0,43314.66693871909
578,03,05,2,2,02,3,01,9,4.0,4.0,9,3.0,2,3,2.0,0.0
579,05,05,2,2,01,1,03,19,4.0,2.0,19,1.0,1,5,2.0,0.0
580,02,03,2,3,01,1,02,15,3.0,3.0,15,1.0,1,2,2.0,101.40658088625733
581,02,05,2,2,02,2,02,0,4.0,3.0,0,2.0,2,2,2.0,17364.61397247288
582,03,05,2,2,04,3,01,0,4.0,4.0,0,3.0,4,3,2.0,0.0
583,03,05,2,2,04,3,02,16,4.0,3.0,16,3.0,4,3,2.0,22415.678128572326
584,82,01,2,,05,1,,0,3.0,2.0,0,1.0,5,82,2.0,670.5535520024191
585,03,05,2,3,02,3,01,17,3.0,4.0,17,3.0,2,3,2.0,0.0
586,01,01,2,2,04,1,01,0,4.0,4.0,0,1.0,4,1,2.0,28467.853444329026
587,02,01,2,3,02,1,03,6,3.0,2.0,6,1.0,2,2,2.0,15088.827325908162
588,01,01,2,4,04,1,03,15,2.0,2.0,15,1.0,4,1,2.0,15724.558733577314
589,01,01,2,2,04,1,01,0,4.0,4.0,0,1.0,4,1,2.0,29166.13038646756
590,82,05,,,02,,,0,3.0,2.0,0,2.0,2,82,2.0,0.0
591,01,01,1,3,06,1,03,14,3.0,2.0,14,1.0,6,1,1.0,19649.19544953539
592,01,01,2,3,03,1,02,0,3.0,3.0,0,1.0,3,1,2.0,0.0
593,82,05,,,02,,,0,3.0,2.0,0,2.0,2,82,2.0,0.0
594,03,03,2,3,03,2,02,9,3.0,3.0,9,2.0,3,3,2.0,0.0
595,03,03,2,2,02,2,02,11,4.0,3.0,11,2.0,2,3,2.0,0.0
596,01,01,1,3,06,1,03,14,3.0,2.0,14,1.0,6,1,1.0,6254.724319045432
597,01,01,2,2,07,1,03,14,4.0,2.0,14,1.0,7,1,2.0,10322.520621279195
598,01,01,1,3,06,1,03,14,3.0,2.0,14,1.0,6,1,1.0,38130.429868206986
599,02,03,2,2,02,2,02,15,4.0,3.0,15,2.0,2,2,2.0,37445.91118804239
600,03,05,2,2,02,3,02,8,4.0,3.0,8,3.0,2,3,2.0,23725.771705365587
601,01,05,2,2,01,1,03,11,4.0,2.0,11,1.0,1,1,2.0,0.0
602,01,01,2,3,08,1,03,15,3.0,2.0,15,1.0,8,1,2.0,8204.201706255915
603,03,03,2,2,04,3,01,0,4.0,4.0,0,3.0,4,3,2.0,0.0
604,01,01,2,3,04,2,02,0,3.0,3.0,0,2.0,4,1,2.0,0.0
605,03,05,2,2,02,3,02,8,4.0,3.0,8,3.0,2,3,2.0,5199.356982486279
606,03,05,2,2,02,3,02,8,4.0,3.0,8,3.0,2,3,2.0,39646.62683574499
607,05,03,2,2,03,2,02,0,4.0,3.0,0,2.0,3,5,2.0,0.0
608,01,01,1,3,06,1,03,14,3.0,2.0,14,1.0,6,1,1.0,16824.43486419566
609,10,01,2,3,04,1,02,10,3.0,3.0,10,1.0,4,10,2.0,0.0
610,02,03,2,3,03,2,01,0,3.0,4.0,0,2.0,3,2,2.0,7.226104844109009
611,82,01,2,,03,,,0,3.0,2.0,0,2.0,3,82,2.0,0.0
612,01,03,2,3,02,2,02,0,3.0,3.0,0,2.0,2,1,2.0,30531.660760307364
613,03,05,2,2,02,3,01,13,4.0,4.0,13,3.0,2,3,2.0,14494.14203978872
614,01,01,2,2,01,1,03,9,4.0,2.0,9,1.0,1,1,2.0,0.0
615,02,03,2,3,06,2,02,9,3.0,3.0,9,2.0,6,2,2.0,0.0
616,01,01,2,4,05,1,02,6,2.0,3.0,6,1.0,5,1,2.0,8003.594878168687
617,01,01,2,3,04,1,03,12,3.0,2.0,12,1.0,4,1,2.0,14309.511759752857
618,02,05,2,3,02,2,01,15,3.0,4.0,15,2.0,2,2,2.0,0.0
619,03,05,2,3,06,2,03,13,3.0,2.0,13,2.0,6,3,2.0,53555.56452541684
620,03,03,2,3,02,2,02,8,3.0,3.0,8,2.0,2,3,2.0,0.0
621,02,05,1,2,05,2,02,13,4.0,3.0,13,2.0,5,2,1.0,0.0
622,02,03,2,2,02,1,02,13,4.0,3.0,13,1.0,2,2,2.0,3287.218550425813
623,97,,,,01,,,0,3.0,2.0,0,2.0,1,97,2.0,5538.984074010145
624,03,03,2,3,01,3,02,10,3.0,3.0,10,3.0,1,3,2.0,0.0
625,01,01,2,2,04,1,02,0,4.0,3.0,0,1.0,4,1,2.0,5621.579271723026
626,02,03,2,3,02,2,01,13,3.0,4.0,13,2.0,2,2,2.0,0.0
627,01,01,1,3,06,1,03,12,3.0,2.0,12,1.0,6,1,1.0,23883.166371469117
628,01,01,2,3,05,1,02,15,3.0,3.0,15,1.0,5,1,2.0,0.0
629,01,03,2,3,02,2,02,0,3.0,3.0,0,2.0,2,1,2.0,29717.330705444034
630,03,05,2,2,04,3,02,16,4.0,3.0,16,3.0,4,3,2.0,42655.044594078965
631,01,01,2,3,08,1,03,15,3.0,2.0,15,1.0,8,1,2.0,2045.656400002574
632,03,05,2,2,02,3,02,8,4.0,3.0,8,3.0,2,3,2.0,27998.7356996434
633,01,01,2,3,07,1,02,8,3.0,3.0,8,1.0,7,1,2.0,2750.104207601554
634,01,03,1,3,05,1,01,13,3.0,4.0,13,1.0,5,1,1.0,0.0
635,01,01,2,2,07,1,03,14,4.0,2.0,14,1.0,7,1,2.0,11604.610719316035
636,24,01,2,4,02,1,03,0,2.0,2.0,0,1.0,2,24,2.0,16134.581147124029
637,01,01,2,3,06,2,03,8,3.0,2.0,8,2.0,6,1,2.0,1877.2873792953194
638,02,03,2,3,02,2,02,0,3.0,3.0,0,2.0,2,2,2.0,0.0
639,01,01,1,3,06,1,03,14,3.0,2.0,14,1.0,6,1,1.0,20386.04292139216
640,01,01,1,3,09,2,02,14,3.0,3.0,14,2.0,9,1,1.0,15873.7649178498
641,03,05,2,2,02,3,02,8,4.0,3.0,8,3.0,2,3,2.0,26987.636960734908
642,01,01,2,3,05,1,02,0,3.0,3.0,0,1.0,5,1,2.0,14606.361085839591
643,02,03,2,2,02,2,02,15,4.0,3.0,15,2.0,2,2,2.0,41321.05424255351
644,02,03,2,2,01,2,02,0,4.0,3.0,0,2.0,1,2,2.0,0.0
645,03,05,2,2,02,3,02,8,4.0,3.0,8,3.0,2,3,2.0,18987.440453369385
646,01,01,2,3,04,1,02,12,3.0,3.0,12,1.0,4,1,2.0,0.0
647,01,01,1,3,06,1,03,14,3.0,2.0,14,1.0,6,1,1.0,12392.328819791177
648,03,05,2,2,02,3,02,8,4.0,3.0,8,3.0,2,3,2.0,24640.18390723924
649,01,01,2,3,04,1,02,15,3.0,3.0,15,1.0,4,1,2.0,1044.1522477406645
650,03,05,1,3,07,3,01,16,3.0,4.0,16,3.0,7,3,1.0,0.0
651,01,01,2,4,04,1,03,0,2.0,2.0,0,1.0,4,1,2.0,0.0
652,01,01,2,3,04,1,02,0,3.0,3.0,0,1.0,4,1,2.0,24790.18880595875
653,02,05,2,2,03,2,02,0,4.0,3.0,0,2.0,3,2,2.0,108.7328728173365
654,01,01,1,3,06,1,03,14,3.0,2.0,14,1.0,6,1,1.0,36526.13815686393
655,01,03,2,3,02,2,02,0,3.0,3.0,0,2.0,2,1,2.0,43910.594637213406
656,01,01,1,3,06,1,03,14,3.0,2.0,14,1.0,6,1,1.0,23560.192986189577
657,03,05,2,2,02,3,01,15,4.0,4.0,15,3.0,2,3,2.0,1198.2646937531915
658,02,01,2,3,04,1,03,13,3.0,2.0,13,1.0,4,2,2.0,3301.3053073056603
659,10,01,2,3,06,1,03,12,3.0,2.0,12,1.0,6,10,2.0,0.0
660,02,01,2,3,05,1,02,16,3.0,3.0,16,1.0,5,2,2.0,1204.6564474467127
661,01,01,1,3,09,2,02,14,3.0,3.0,14,2.0,9,1,1.0,20498.82736525669
662,02,03,2,2,05,2,02,0,4.0,3.0,0,2.0,5,2,2.0,0.0
663,01,01,2,3,03,1,02,0,3.0,3.0,0,1.0,3,1,2.0,21.149951793732004
664,02,03,2,2,02,2,02,15,4.0,3.0,15,2.0,2,2,2.0,41582.628639093935
665,03,05,2,2,02,3,02,8,4.0,3.0,8,3.0,2,3,2.0,39635.22779765807
666,02,07,2,2,02,2,02,14,4.0,3.0,14,2.0,2,2,2.0,49356.66971648185
667,01,01,2,2,04,1,01,0,4.0,4.0,0,1.0,4,1,2.0,23238.90251631997
668,01,01,2,4,04,1,03,15,2.0,2.0,15,1.0,4,1,2.0,13578.888038219746
669,02,03,2,3,02,1,02,0,3.0,3.0,0,1.0,2,2,2.0,0.0
670,03,05,2,2,02,3,02,8,4.0,3.0,8,3.0,2,3,2.0,39635.22779765807
671,01,01,2,4,03,1,03,0,2.0,2.0,0,1.0,3,1,2.0,0.0
672,01,01,1,3,06,1,03,14,3.0,2.0,14,1.0,6,1,1.0,40628.85891749662
673,01,01,1,3,06,1,03,14,3.0,2.0,14,1.0,6,1,1.0,54616.27073586504
674,01,01,2,2,03,1,03,0,4.0,2.0,0,1.0,3,1,2.0,43069.75030335108
675,02,03,2,2,02,2,02,15,4.0,3.0,15,2.0,2,2,2.0,38926.29012542399
676,01,03,2,3,02,2,02,0,3.0,3.0,0,2.0,2,1,2.0,23380.764203784158
677,03,05,2,2,02,3,02,8,4.0,3.0,8,3.0,2,3,2.0,20838.99088563952
678,01,01,1,3,06,1,03,14,3.0,2.0,14,1.0,6,1,1.0,19591.09777322105
679,01,01,2,3,05,1,02,0,3.0,3.0,0,1.0,5,1,2.0,19957.761831780314
680,03,03,2,3,03,3,01,14,3.0,4.0,14,3.0,3,3,2.0,2906.8841880501122
681,01,01,2,3,05,1,02,0,3.0,3.0,0,1.0,5,1,2.0,21976.15771122744
682,01,01,2,4,04,1,03,15,2.0,2.0,15,1.0,4,1,2.0,3998.1902019911145
683,01,01,2,3,02,1,02,11,3.0,3.0,11,1.0,2,1,2.0,0.0
684,03,03,2,3,03,2,01,9,3.0,4.0,9,2.0,3,3,2.0,0.0
685,03,05,2,2,02,3,02,8,4.0,3.0,8,3.0,2,3,2.0,39403.036124001876
686,01,01,1,3,06,1,03,14,3.0,2.0,14,1.0,6,1,1.0,26016.386436652425
687,03,03,2,3,03,3,01,0,3.0,4.0,0,3.0,3,3,2.0,0.0
688,01,03,2,3,02,2,02,0,3.0,3.0,0,2.0,2,1,2.0,6074.750133378811
689,01,01,1,3,06,1,03,14,3.0,2.0,14,1.0,6,1,1.0,12787.413691048285
690,02,07,2,2,02,2,02,14,4.0,3.0,14,2.0,2,2,2.0,66071.61372408259
691,01,03,2,3,02,2,02,0,3.0,3.0,0,2.0,2,1,2.0,31437.419632354573
692,01,01,2,2,04,1,01,0,4.0,4.0,0,1.0,4,1,2.0,20682.69912200172
693,01,01,2,3,02,1,03,12,3.0,2.0,12,1.0,2,1,2.0,4177.454606282471
694,01,01,1,3,06,1,03,14,3.0,2.0,14,1.0,6,1,1.0,38029.79243048517
695,03,05,2,2,02,3,02,8,4.0,3.0,8,3.0,2,3,2.0,23331.979296486646
696,93,,,,01,,,0,3.0,2.0,0,2.0,1,93,2.0,8359.758460037234
697,02,03,2,3,06,3,02,16,3.0,3.0,16,3.0,6,2,2.0,0.0
698,01,01,2,3,05,1,02,11,3.0,3.0,11,1.0,5,1,2.0,16595.82636276569
699,01,01,2,3,04,1,02,11,3.0,3.0,11,1.0,4,1,2.0,0.0
700,01,01,2,4,07,1,03,0,2.0,2.0,0,1.0,7,1,2.0,919.8671672743089
701,01,01,1,3,06,1,03,14,3.0,2.0,14,1.0,6,1,1.0,47002.81687049759
702,02,05,2,2,02,2,02,0,4.0,3.0,0,2.0,2,2,2.0,5495.941491763943
703,03,05,2,2,02,3,02,8,4.0,3.0,8,3.0,2,3,2.0,29871.552540020126
704,82,01,,,07,,,0,3.0,2.0,0,2.0,7,82,2.0,23085.99680303771
705,01,01,1,3,06,1,03,14,3.0,2.0,14,1.0,6,1,1.0,21184.3861126796
706,01,01,2,4,06,1,02,0,2.0,3.0,0,1.0,6,1,2.0,0.0
707,01,01,1,3,06,1,03,14,3.0,2.0,14,1.0,6,1,1.0,31282.436699522095
708,03,05,2,2,02,3,01,13,4.0,4.0,13,3.0,2,3,2.0,0.0
709,01,03,2,3,01,1,03,14,3.0,2.0,14,1.0,1,1,2.0,0.0
710,03,05,2,3,06,2,03,13,3.0,2.0,13,2.0,6,3,2.0,6583.867136770585
711,01,01,1,3,06,1,03,14,3.0,2.0,14,1.0,6,1,1.0,15542.58887095117
712,01,01,1,3,06,1,03,14,3.0,2.0,14,1.0,6,1,1.0,39023.15422616517
713,24,03,2,4,02,1,03,0,2.0,2.0,0,1.0,2,24,2.0,0.0
714,03,05,2,2,04,3,02,16,4.0,3.0,16,3.0,4,3,2.0,7539.589995737354
715,02,03,2,2,01,2,02,0,4.0,3.0,0,2.0,1,2,2.0,0.0
716,02,03,2,3,01,2,02,14,3.0,3.0,14,2.0,1,2,2.0,5556.22283101624
717,11,05,2,2,07,2,02,11,4.0,3.0,11,2.0,7,11,2.0,0.0
718,03,03,2,2,04,2,02,0,4.0,3.0,0,2.0,4,3,2.0,213.15687802093535
719,03,03,2,3,06,2,02,0,3.0,3.0,0,2.0,6,3,2.0,0.0
720,02,05,2,3,02,2,02,10,3.0,3.0,10,2.0,2,2,2.0,5975.914352033357
721,01,03,2,3,02,2,02,0,3.0,3.0,0,2.0,2,1,2.0,22462.905904983385
722,82,01,2,,05,1,,0,3.0,2.0,0,1.0,5,82,2.0,670.5535520024191
723,01,01,2,2,03,1,03,0,4.0,2.0,0,1.0,3,1,2.0,38727.840505601474
724,01,01,1,3,09,2,02,14,3.0,3.0,14,2.0,9,1,1.0,11871.943536760926
725,01,01,2,2,03,1,03,0,4.0,2.0,0,1.0,3,1,2.0,34325.29008183477
726,02,03,2,2,02,2,02,0,4.0,3.0,0,2.0,2,2,2.0,10598.640205158796
727,01,01,1,3,01,1,03,0,3.0,2.0,0,1.0,1,1,1.0,0.0
728,82,01,2,,03,,02,0,3.0,3.0,0,2.0,3,82,2.0,47.210161872231986
729,10,01,2,2,06,1,03,10,4.0,2.0,10,1.0,6,10,2.0,14329.637694374107
730,97,,,,01,,,0,3.0,2.0,0,2.0,1,97,2.0,6.679653272541901
731,02,01,2,4,03,1,03,8,2.0,2.0,8,1.0,3,2,2.0,0.0
732,02,03,2,2,03,2,02,0,4.0,3.0,0,2.0,3,2,2.0,0.0
733,03,05,2,2,02,3,01,13,4.0,4.0,13,3.0,2,3,2.0,14977.980527997872
734,02,03,2,3,04,3,02,15,3.0,3.0,15,3.0,4,2,2.0,0.0
735,02,07,2,2,02,2,02,14,4.0,3.0,14,2.0,2,2,2.0,58859.942413436685
736,01,01,2,2,04,1,01,0,4.0,4.0,0,1.0,4,1,2.0,14788.922505278915
737,01,03,2,3,02,2,02,0,3.0,3.0,0,2.0,2,1,2.0,23451.242693597895
738,01,01,2,2,06,1,02,0,4.0,3.0,0,1.0,6,1,2.0,9525.980749302038
739,01,01,1,4,07,1,01,10,2.0,4.0,10,1.0,7,1,1.0,0.0
740,01,01,1,3,06,1,03,14,3.0,2.0,14,1.0,6,1,1.0,28855.468804267723
741,03,05,2,2,04,2,03,10,4.0,2.0,10,2.0,4,3,2.0,0.0
742,03,05,2,2,04,3,02,14,4.0,3.0,14,3.0,4,3,2.0,0.0
743,02,05,1,2,01,2,02,0,4.0,3.0,0,2.0,1,2,1.0,0.0
744,03,05,2,2,02,2,02,16,4.0,3.0,16,2.0,2,3,2.0,0.0
745,02,03,2,3,01,2,02,14,3.0,3.0,14,2.0,1,2,2.0,5556.22283101624
746,01,01,2,3,04,1,03,14,3.0,2.0,14,1.0,4,1,2.0,0.0
747,02,03,2,3,03,2,01,0,3.0,4.0,0,2.0,3,2,2.0,7.226104844109009
748,01,01,2,3,02,1,02,9,3.0,3.0,9,1.0,2,1,2.0,0.0
749,02,03,1,3,09,2,03,15,3.0,2.0,15,2.0,9,2,1.0,0.0
750,03,03,2,2,06,3,02,0,4.0,3.0,0,3.0,6,3,2.0,0.0
751,01,01,2,3,03,1,02,0,3.0,3.0,0,1.0,3,1,2.0,2343.519657431353
752,03,03,2,3,03,2,01,14,3.0,4.0,14,2.0,3,3,2.0,0.0
753,04,03,2,3,03,3,01,14,3.0,4.0,14,3.0,3,4,2.0,0.0
754,03,05,2,2,02,3,02,8,4.0,3.0,8,3.0,2,3,2.0,32916.57967021132
755,03,05,2,2,02,3,02,8,4.0,3.0,8,3.0,2,3,2.0,10853.056229071519
756,11,03,2,3,06,1,02,15,3.0,3.0,15,1.0,6,11,2.0,0.0
757,01,01,1,2,01,1,02,14,4.0,3.0,14,1.0,1,1,1.0,0.0
758,11,03,2,2,06,2,02,14,4.0,3.0,14,2.0,6,11,2.0,0.0
759,02,01,1,3,08,1,02,0,3.0,3.0,0,1.0,8,2,1.0,0.0
760,03,05,2,2,05,3,02,16,4.0,3.0,16,3.0,5,3,2.0,3988.386769825932
761,02,03,2,3,03,2,02,0,3.0,3.0,0,2.0,3,2,2.0,0.0
762,02,03,1,2,05,2,02,12,4.0,3.0,12,2.0,5,2,1.0,0.0
763,03,05,2,2,02,3,02,8,4.0,3.0,8,3.0,2,3,2.0,16889.817604213633
764,01,03,1,2,01,1,03,15,4.0,2.0,15,1.0,1,1,1.0,0.0
765,03,05,2,3,03,2,01,0,3.0,4.0,0,2.0,3,3,2.0,0.0
766,01,01,2,3,04,1,02,15,3.0,3.0,15,1.0,4,1,2.0,0.0
767,01,01,1,3,07,1,03,14,3.0,2.0,14,1.0,7,1,1.0,1439.6403517806853
768,03,05,1,2,07,2,02,0,4.0,3.0,0,2.0,7,3,1.0,0.0
769,02,03,2,3,03,2,02,20,3.0,3.0,20,2.0,3,2,2.0,0.0
770,01,05,2,2,03,2,03,0,4.0,2.0,0,2.0,3,1,2.0,0.0
771,10,01,1,3,01,1,02,0,3.0,3.0,0,1.0,1,10,1.0,0.0
772,03,03,2,2,08,3,01,0,4.0,4.0,0,3.0,8,3,2.0,0.0
773,02,01,1,3,09,1,02,0,3.0,3.0,0,1.0,9,2,1.0,0.0
774,11,03,2,2,04,2,02,11,4.0,3.0,11,2.0,4,11,2.0,0.0
775,01,01,2,4,05,1,02,0,2.0,3.0,0,1.0,5,1,2.0,5773.238622745926
776,01,01,2,3,03,1,03,12,3.0,2.0,12,1.0,3,1,2.0,0.0
777,03,03,2,3,02,3,02,11,3.0,3.0,11,3.0,2,3,2.0,0.0
778,04,03,1,3,09,3,01,0,3.0,4.0,0,3.0,9,4,1.0,0.0
779,03,05,2,3,03,3,01,18,3.0,4.0,18,3.0,3,3,2.0,0.0
780,01,01,1,3,06,1,03,14,3.0,2.0,14,1.0,6,1,1.0,38694.6320578825
781,02,05,2,2,02,2,02,21,4.0,3.0,21,2.0,2,2,2.0,0.0
782,02,03,2,3,02,2,02,0,3.0,3.0,0,2.0,2,2,2.0,0.0
783,03,05,2,2,02,3,02,8,4.0,3.0,8,3.0,2,3,2.0,39230.013843465895
784,12,03,2,2,06,3,02,0,4.0,3.0,0,3.0,6,12,2.0,0.0
785,02,03,2,3,05,2,02,0,3.0,3.0,0,2.0,5,2,2.0,0.0
786,03,05,2,2,04,3,02,16,4.0,3.0,16,3.0,4,3,2.0,41189.74352953303
787,82,05,,,06,,,0,3.0,2.0,0,2.0,6,82,2.0,0.0
788,03,03,2,2,05,3,02,0,4.0,3.0,0,3.0,5,3,2.0,0.0
789,01,03,2,3,09,2,02,0,3.0,3.0,0,2.0,9,1,2.0,3751.752119345115
790,02,03,2,2,02,2,02,0,4.0,3.0,0,2.0,2,2,2.0,6869.015281928539
791,01,01,2,2,09,1,03,0,4.0,2.0,0,1.0,9,1,2.0,2907.9293900754924
792,01,03,4,2,01,1,02,0,4.0,3.0,0,1.0,1,1,4.0,114.30452180286531
793,02,05,2,3,02,2,01,15,3.0,4.0,15,2.0,2,2,2.0,1585.7189812020088
794,03,05,2,2,05,2,02,16,4.0,3.0,16,2.0,5,3,2.0,0.0
795,01,01,1,3,06,1,03,14,3.0,2.0,14,1.0,6,1,1.0,39353.2102160799
796,03,05,1,3,09,3,01,0,3.0,4.0,0,3.0,9,3,1.0,0.0
797,03,05,2,2,02,3,02,8,4.0,3.0,8,3.0,2,3,2.0,22295.517199005895
798,02,05,2,2,02,2,02,0,4.0,3.0,0,2.0,2,2,2.0,0.0
799,02,03,2,2,02,2,02,0,4.0,3.0,0,2.0,2,2,2.0,10440.779758037044
800,03,05,2,2,02,3,02,8,4.0,3.0,8,3.0,2,3,2.0,43920.312607367414
801,97,,,,01,,,0,3.0,2.0,0,2.0,1,97,2.0,6259.106441626994
802,01,01,2,4,05,1,02,10,2.0,3.0,10,1.0,5,1,2.0,0.0
803,01,01,2,2,04,1,02,0,4.0,3.0,0,1.0,4,1,2.0,4756.414176024994
804,01,01,1,3,06,1,03,14,3.0,2.0,14,1.0,6,1,1.0,38614.260425375775
805,01,01,1,3,06,1,03,12,3.0,2.0,12,1.0,6,1,1.0,46993.31259982055
806,03,05,2,2,02,3,02,8,4.0,3.0,8,3.0,2,3,2.0,42307.76066899451
807,01,01,2,2,03,1,03,0,4.0,2.0,0,1.0,3,1,2.0,31917.836686655657
808,01,01,2,4,07,1,03,14,2.0,2.0,14,1.0,7,1,2.0,0.0
809,01,01,2,3,07,1,02,13,3.0,3.0,13,1.0,7,1,2.0,0.0
810,01,01,1,3,06,1,03,14,3.0,2.0,14,1.0,6,1,1.0,18703.703483051246
811,01,01,1,3,06,1,03,14,3.0,2.0,14,1.0,6,1,1.0,33584.69217626804
812,01,05,2,3,01,2,02,15,3.0,3.0,15,2.0,1,1,2.0,0.0
813,01,01,1,3,06,1,03,14,3.0,2.0,14,1.0,6,1,1.0,39989.50322872916
814,01,01,2,2,04,1,02,0,4.0,3.0,0,1.0,4,1,2.0,3409.942618065394
815,10,03,2,2,04,2,01,13,4.0,4.0,13,2.0,4,10,2.0,0.0
816,01,01,2,3,04,1,03,12,3.0,2.0,12,1.0,4,1,2.0,15442.021028619949
817,03,05,2,3,04,3,02,12,3.0,3.0,12,3.0,4,3,2.0,0.0
818,93,,,,01,,,0,3.0,2.0,0,2.0,1,93,2.0,0.0
819,10,01,2,3,06,1,03,9,3.0,2.0,9,1.0,6,10,2.0,0.0
820,01,01,2,3,03,1,01,0,3.0,4.0,0,1.0,3,1,2.0,12.734112477428804
821,03,05,1,2,07,2,02,10,4.0,3.0,10,2.0,7,3,1.0,102.2702264553944
822,01,01,1,3,06,1,03,14,3.0,2.0,14,1.0,6,1,1.0,57680.55383756796
823,02,03,2,2,03,2,02,12,4.0,3.0,12,2.0,3,2,2.0,29.869829017703708
824,03,03,2,2,03,2,02,14,4.0,3.0,14,2.0,3,3,2.0,0.0
825,05,03,2,2,01,2,02,11,4.0,3.0,11,2.0,1,5,2.0,0.0
826,01,01,2,4,04,1,03,0,2.0,2.0,0,1.0,4,1,2.0,2910.630453612196
827,12,03,2,3,06,2,02,16,3.0,3.0,16,2.0,6,12,2.0,0.0
828,02,05,2,2,02,2,02,0,4.0,3.0,0,2.0,2,2,2.0,0.0
829,02,05,2,3,03,2,01,14,3.0,4.0,14,2.0,3,2,2.0,0.0
830,10,01,2,3,05,1,03,9,3.0,2.0,9,1.0,5,10,2.0,14078.740312937742
831,02,05,2,2,02,2,02,0,4.0,3.0,0,2.0,2,2,2.0,0.0
832,01,01,2,4,03,1,02,0,2.0,3.0,0,1.0,3,1,2.0,0.0
833,01,01,1,3,06,1,03,14,3.0,2.0,14,1.0,6,1,1.0,39915.3822747919
834,01,01,1,3,06,1,03,14,3.0,2.0,14,1.0,6,1,1.0,42461.63341379218
835,01,01,2,3,08,1,01,0,3.0,4.0,0,1.0,8,1,2.0,0.0
836,02,05,2,2,02,2,02,15,4.0,3.0,15,2.0,2,2,2.0,21009.800539269207
837,02,07,2,2,02,2,02,14,4.0,3.0,14,2.0,2,2,2.0,43772.03973072383
838,03,05,2,2,05,2,02,15,4.0,3.0,15,2.0,5,3,2.0,5329.077147855502
839,01,01,1,3,06,1,03,14,3.0,2.0,14,1.0,6,1,1.0,29676.65441459267
840,02,03,2,3,06,2,02,9,3.0,3.0,9,2.0,6,2,2.0,0.0
841,03,03,2,2,03,2,02,17,4.0,3.0,17,2.0,3,3,2.0,0.0
842,01,01,2,3,05,1,03,12,3.0,2.0,12,1.0,5,1,2.0,0.0
843,02,05,2,2,03,1,01,10,4.0,4.0,10,1.0,3,2,2.0,0.0
844,11,01,1,3,01,1,02,11,3.0,3.0,11,1.0,1,11,1.0,0.0
845,02,05,2,3,02,2,02,0,3.0,3.0,0,2.0,2,2,2.0,0.0
846,03,03,2,3,03,2,02,0,3.0,3.0,0,2.0,3,3,2.0,0.0
847,02,03,2,2,02,2,02,9,4.0,3.0,9,2.0,2,2,2.0,7819.930104004054
848,01,01,2,2,04,1,01,0,4.0,4.0,0,1.0,4,1,2.0,32428.784961704077
849,03,05,2,2,02,3,02,8,4.0,3.0,8,3.0,2,3,2.0,17286.254199078434
850,11,05,2,2,03,2,02,11,4.0,3.0,11,2.0,3,11,2.0,0.0
851,01,01,1,2,05,1,02,0,4.0,3.0,0,1.0,5,1,1.0,0.0
852,03,05,2,2,04,3,02,16,4.0,3.0,16,3.0,4,3,2.0,21999.408249010045
853,01,01,1,3,06,1,03,14,3.0,2.0,14,1.0,6,1,1.0,3133.5062175870994
854,02,03,2,2,02,2,02,15,4.0,3.0,15,2.0,2,2,2.0,40570.20377665415
855,11,03,2,3,04,2,02,14,3.0,3.0,14,2.0,4,11,2.0,0.0
856,03,03,2,2,03,2,02,11,4.0,3.0,11,2.0,3,3,2.0,0.0
857,03,05,2,2,02,1,03,15,4.0,2.0,15,1.0,2,3,2.0,0.0
858,11,03,2,2,05,2,03,12,4.0,2.0,12,2.0,5,11,2.0,0.0
859,03,03,3,3,02,2,01,17,3.0,4.0,17,2.0,2,3,3.0,0.0
860,01,03,1,3,04,1,02,10,3.0,3.0,10,1.0,4,1,1.0,0.0
861,01,01,2,2,04,1,01,0,4.0,4.0,0,1.0,4,1,2.0,18539.38124255772
862,01,01,1,3,06,1,03,14,3.0,2.0,14,1.0,6,1,1.0,32647.139418326566
863,03,05,2,3,06,2,03,13,3.0,2.0,13,2.0,6,3,2.0,40857.41787091715
864,01,01,2,3,02,1,02,0,3.0,3.0,0,1.0,2,1,2.0,0.0
865,01,01,2,2,04,1,01,13,4.0,4.0,13,1.0,4,1,2.0,0.0
866,01,01,1,3,06,1,03,12,3.0,2.0,12,1.0,6,1,1.0,13502.035345069808
867,03,05,2,2,04,3,02,16,4.0,3.0,16,3.0,4,3,2.0,38863.300377076936
868,02,03,2,3,02,2,02,16,3.0,3.0,16,2.0,2,2,2.0,0.0
869,12,05,3,3,02,2,02,14,3.0,3.0,14,2.0,2,12,3.0,0.0
870,01,01,2,3,04,1,03,12,3.0,2.0,12,1.0,4,1,2.0,11093.00112257857
871,01,01,1,2,09,1,03,13,4.0,2.0,13,1.0,9,1,1.0,3497.649980930381
872,02,05,1,2,01,2,02,0,4.0,3.0,0,2.0,1,2,1.0,115.21773449343608
873,03,05,2,2,02,3,02,8,4.0,3.0,8,3.0,2,3,2.0,24215.49789150708
874,02,03,2,2,02,2,02,15,4.0,3.0,15,2.0,2,2,2.0,24788.462970226068
875,02,05,2,3,02,2,02,10,3.0,3.0,10,2.0,2,2,2.0,1872.8789411168475
876,02,07,2,2,02,2,02,14,4.0,3.0,14,2.0,2,2,2.0,1148.4009113569934
877,03,05,2,2,02,3,02,8,4.0,3.0,8,3.0,2,3,2.0,41680.80935731498
878,03,05,2,2,02,3,02,8,4.0,3.0,8,3.0,2,3,2.0,26833.150159399465
879,02,05,2,2,02,2,02,0,4.0,3.0,0,2.0,2,2,2.0,2673.1194416842695
880,02,05,2,2,03,2,02,15,4.0,3.0,15,2.0,3,2,2.0,0.0
881,01,01,1,3,06,1,03,12,3.0,2.0,12,1.0,6,1,1.0,58984.457684011155
882,01,01,1,3,06,1,03,14,3.0,2.0,14,1.0,6,1,1.0,25169.1197609929
883,10,01,2,3,05,1,03,9,3.0,2.0,9,1.0,5,10,2.0,12736.167278911866
884,01,01,2,2,04,1,01,0,4.0,4.0,0,1.0,4,1,2.0,22554.261646935454
885,02,05,2,2,02,2,02,0,4.0,3.0,0,2.0,2,2,2.0,8458.266450711808
886,03,03,2,3,03,3,02,19,3.0,3.0,19,3.0,3,3,2.0,0.0
887,03,05,2,2,02,3,02,8,4.0,3.0,8,3.0,2,3,2.0,35812.69463953728
888,01,01,3,3,03,1,02,0,3.0,3.0,0,1.0,3,1,3.0,0.0
889,01,01,1,3,06,1,03,14,3.0,2.0,14,1.0,6,1,1.0,46080.38899644125
890,03,05,2,2,02,3,02,8,4.0,3.0,8,3.0,2,3,2.0,34009.5945388517
891,01,03,2,3,02,1,03,0,3.0,2.0,0,1.0,2,1,2.0,876.1099301297712
892,01,03,2,3,02,2,02,0,3.0,3.0,0,2.0,2,1,2.0,21237.0018074154
893,01,01,2,3,07,1,02,13,3.0,3.0,13,1.0,7,1,2.0,0.0
894,01,01,2,3,03,2,03,13,3.0,2.0,13,2.0,3,1,2.0,14398.117974383864
895,01,01,2,3,05,1,02,10,3.0,3.0,10,1.0,5,1,2.0,5078.375147920231
896,01,01,2,2,07,1,02,14,4.0,3.0,14,1.0,7,1,2.0,6892.01629963174
897,01,01,2,4,09,1,02,12,2.0,3.0,12,1.0,9,1,2.0,0.0
898,01,01,2,3,04,1,03,12,3.0,2.0,12,1.0,4,1,2.0,11694.32176973634
899,01,01,2,3,03,1,02,10,3.0,3.0,10,1.0,3,1,2.0,0.0
900,01,01,1,4,01,1,02,13,2.0,3.0,13,1.0,1,1,1.0,0.0
901,28,05,2,2,03,1,02,0,4.0,3.0,0,1.0,3,28,2.0,0.0
902,01,01,1,3,06,1,03,12,3.0,2.0,12,1.0,6,1,1.0,33231.187380399286
903,03,05,1,2,06,3,01,14,4.0,4.0,14,3.0,6,3,1.0,0.0
904,01,01,1,3,06,1,03,14,3.0,2.0,14,1.0,6,1,1.0,33007.35807944876
905,82,01,,,05,,,0,3.0,2.0,0,2.0,5,82,2.0,0.0
906,01,01,2,3,03,1,03,0,3.0,2.0,0,1.0,3,1,2.0,0.0
907,82,05,2,,03,,,0,3.0,2.0,0,2.0,3,82,2.0,14042.164666258679
908,01,01,1,3,06,1,03,14,3.0,2.0,14,1.0,6,1,1.0,19138.37485134052
909,03,03,2,3,06,2,02,10,3.0,3.0,10,2.0,6,3,2.0,0.0
910,01,01,1,3,06,1,03,14,3.0,2.0,14,1.0,6,1,1.0,39855.679264013714
911,01,01,2,3,04,1,03,12,3.0,2.0,12,1.0,4,1,2.0,10725.456847992593
912,02,05,2,2,03,1,01,10,4.0,4.0,10,1.0,3,2,2.0,0.0
913,97,,,,01,,,0,3.0,2.0,0,2.0,1,97,2.0,2294.1621586521005
914,02,01,2,3,04,1,02,15,3.0,3.0,15,1.0,4,2,2.0,0.0
915,01,01,2,3,06,1,02,14,3.0,3.0,14,1.0,6,1,2.0,0.0
916,01,01,1,4,07,1,01,10,2.0,4.0,10,1.0,7,1,1.0,0.0
917,03,05,2,2,04,2,02,17,4.0,3.0,17,2.0,4,3,2.0,0.0
918,02,03,2,3,03,2,02,0,3.0,3.0,0,2.0,3,2,2.0,0.0
919,02,05,2,2,04,2,02,0,4.0,3.0,0,2.0,4,2,2.0,0.0
920,03,05,2,3,06,2,03,13,3.0,2.0,13,2.0,6,3,2.0,42962.18300285059
921,01,01,2,2,03,1,02,11,4.0,3.0,11,1.0,3,1,2.0,0.0
922,01,01,2,3,03,1,03,14,3.0,2.0,14,1.0,3,1,2.0,0.0
923,01,01,2,3,07,1,02,13,3.0,3.0,13,1.0,7,1,2.0,0.0
924,02,05,2,2,06,2,02,0,4.0,3.0,0,2.0,6,2,2.0,0.0
925,01,01,2,4,05,1,02,0,2.0,3.0,0,1.0,5,1,2.0,0.0
926,01,03,2,2,03,1,02,0,4.0,3.0,0,1.0,3,1,2.0,0.0
927,03,05,2,2,02,3,01,13,4.0,4.0,13,3.0,2,3,2.0,30718.66164247977
928,02,05,1,2,06,2,02,0,4.0,3.0,0,2.0,6,2,1.0,0.0
929,01,01,2,3,05,1,02,10,3.0,3.0,10,1.0,5,1,2.0,4181.587321405488
930,01,01,1,3,06,1,03,12,3.0,2.0,12,1.0,6,1,1.0,22260.48493187947
931,03,03,2,3,02,2,01,0,3.0,4.0,0,2.0,2,3,2.0,0.0
932,01,03,2,3,02,2,02,0,3.0,3.0,0,2.0,2,1,2.0,20742.46155097264
933,11,05,2,3,04,3,02,0,3.0,3.0,0,3.0,4,11,2.0,161.0637306801316
934,02,01,2,4,09,1,02,0,2.0,3.0,0,1.0,9,2,2.0,10314.424887897543
935,02,03,2,2,03,2,02,0,4.0,3.0,0,2.0,3,2,2.0,0.0
936,02,03,1,3,07,2,01,16,3.0,4.0,16,2.0,7,2,1.0,0.0
937,01,01,2,2,04,1,01,0,4.0,4.0,0,1.0,4,1,2.0,22444.667856411616
938,02,03,2,2,04,2,02,12,4.0,3.0,12,2.0,4,2,2.0,0.0
939,02,01,2,3,04,1,03,13,3.0,2.0,13,1.0,4,2,2.0,4915.721158982002
940,02,03,2,3,07,2,02,0,3.0,3.0,0,2.0,7,2,2.0,9154.223146813783
941,01,03,3,3,02,1,02,0,3.0,3.0,0,1.0,2,1,3.0,0.0
942,02,05,3,2,02,3,02,0,4.0,3.0,0,3.0,2,2,3.0,0.0
943,03,05,2,2,02,3,02,8,4.0,3.0,8,3.0,2,3,2.0,41557.814330367495
944,03,05,1,3,07,3,01,17,3.0,4.0,17,3.0,7,3,1.0,0.0
945,03,05,2,2,02,3,01,13,4.0,4.0,13,3.0,2,3,2.0,2656.677869720273
946,03,05,2,2,02,3,02,8,4.0,3.0,8,3.0,2,3,2.0,29591.88886922916
947,01,01,2,2,04,1,02,12,4.0,3.0,12,1.0,4,1,2.0,1020.924251043394
948,11,03,2,2,02,2,02,13,4.0,3.0,13,2.0,2,11,2.0,0.0
949,03,05,2,3,03,2,01,18,3.0,4.0,18,2.0,3,3,2.0,0.0
950,03,05,2,2,02,3,02,8,4.0,3.0,8,3.0,2,3,2.0,45126.6443285609
951,02,05,2,2,02,2,02,0,4.0,3.0,0,2.0,2,2,2.0,0.0
952,01,01,1,3,06,1,03,14,3.0,2.0,14,1.0,6,1,1.0,46158.88068977807
953,11,03,1,3,06,2,02,12,3.0,3.0,12,2.0,6,11,1.0,50.34933167852849
954,01,01,1,3,06,1,03,14,3.0,2.0,14,1.0,6,1,1.0,19452.84024691957
955,02,07,2,2,02,2,02,14,4.0,3.0,14,2.0,2,2,2.0,62248.81107133102
956,01,01,1,3,06,1,03,14,3.0,2.0,14,1.0,6,1,1.0,19431.274331229746
957,01,01,1,3,06,1,03,14,3.0,2.0,14,1.0,6,1,1.0,20795.292222845175
958,01,01,2,2,03,1,03,0,4.0,2.0,0,1.0,3,1,2.0,34316.998168266
959,03,05,2,2,04,3,02,19,4.0,3.0,19,3.0,4,3,2.0,0.0
960,01,03,2,3,02,2,02,0,3.0,3.0,0,2.0,2,1,2.0,34.839153948980616
961,01,01,1,3,06,1,03,14,3.0,2.0,14,1.0,6,1,1.0,29274.994412677766
962,01,01,2,4,05,1,02,0,2.0,3.0,0,1.0,5,1,2.0,1496.9021475653437
963,01,01,2,3,08,1,03,15,3.0,2.0,15,1.0,8,1,2.0,5702.858910709709
964,02,03,2,3,02,2,01,0,3.0,4.0,0,2.0,2,2,2.0,0.0
965,03,05,1,3,03,3,01,0,3.0,4.0,0,3.0,3,3,1.0,0.0
966,03,05,2,2,02,3,01,9,4.0,4.0,9,3.0,2,3,2.0,0.0
967,12,05,1,2,01,2,01,21,4.0,4.0,21,2.0,1,12,1.0,0.0
968,03,05,1,2,06,3,01,11,4.0,4.0,11,3.0,6,3,1.0,0.0
969,03,05,2,3,07,2,01,15,3.0,4.0,15,2.0,7,3,2.0,0.0
970,03,05,2,3,06,2,03,13,3.0,2.0,13,2.0,6,3,2.0,36229.913766329875
971,01,01,2,3,09,1,03,0,3.0,2.0,0,1.0,9,1,2.0,1697.1755765019216
972,03,05,2,3,02,3,01,0,3.0,4.0,0,3.0,2,3,2.0,0.0
973,03,05,2,3,06,3,02,17,3.0,3.0,17,3.0,6,3,2.0,0.0
974,82,01,,,07,,,0,3.0,2.0,0,2.0,7,82,2.0,18426.475225615442
975,01,01,2,2,07,1,02,17,4.0,3.0,17,1.0,7,1,2.0,4064.417134974758
976,02,03,2,2,03,2,02,10,4.0,3.0,10,2.0,3,2,2.0,0.0
977,02,05,2,2,02,2,02,15,4.0,3.0,15,2.0,2,2,2.0,1.4327527015744403
978,01,01,2,3,05,1,03,13,3.0,2.0,13,1.0,5,1,2.0,0.0
979,01,03,2,3,02,2,02,0,3.0,3.0,0,2.0,2,1,2.0,23185.205132621024
980,01,01,1,3,06,1,03,14,3.0,2.0,14,1.0,6,1,1.0,36634.51063187604
981,01,01,1,3,06,1,03,12,3.0,2.0,12,1.0,6,1,1.0,46755.362051358105
982,02,03,2,3,04,2,02,0,3.0,3.0,0,2.0,4,2,2.0,0.0
983,01,01,1,3,06,1,03,14,3.0,2.0,14,1.0,6,1,1.0,40050.17658834083
984,93,,,,01,,,0,3.0,2.0,0,2.0,1,93,2.0,0.0
985,02,03,2,3,03,2,02,0,3.0,3.0,0,2.0,3,2,2.0,0.0
986,03,05,2,2,02,3,02,8,4.0,3.0,8,3.0,2,3,2.0,24812.01317904943
987,01,01,1,3,06,1,03,14,3.0,2.0,14,1.0,6,1,1.0,37954.245876397654
988,01,03,2,3,02,2,02,0,3.0,3.0,0,2.0,2,1,2.0,25969.54432391018
989,02,03,2,2,02,2,02,11,4.0,3.0,11,2.0,2,2,2.0,4541.054332331218
990,02,07,2,2,02,2,02,14,4.0,3.0,14,2.0,2,2,2.0,62986.865684322176
991,02,03,2,2,03,2,02,0,4.0,3.0,0,2.0,3,2,2.0,0.0
992,01,03,2,3,02,2,02,0,3.0,3.0,0,2.0,2,1,2.0,29483.958274023713
993,03,05,2,2,02,3,02,8,4.0,3.0,8,3.0,2,3,2.0,30455.075812228
994,03,05,2,2,02,3,02,8,4.0,3.0,8,3.0,2,3,2.0,31405.800316675424
995,02,03,2,3,03,2,01,0,3.0,4.0,0,2.0,3,2,2.0,29.3377817264775
996,01,01,2,2,04,1,02,12,4.0,3.0,12,1.0,4,1,2.0,1297.9105069530194
997,01,01,1,3,06,1,03,14,3.0,2.0,14,1.0,6,1,1.0,50285.61007101124
998,03,05,2,2,02,3,02,8,4.0,3.0,8,3.0,2,3,2.0,28699.83803668528
999,02,05,1,4,07,3,02,0,2.0,3.0,0,3.0,7,2,1.0,0.0
1000,02,03,2,2,02,2,02,15,4.0,3.0,15,2.0,2,2,2.0,27993.397416502645
1001,03,05,2,2,02,3,02,8,4.0,3.0,8,3.0,2,3,2.0,33739.666655105284
1002,01,01,1,3,06,1,03,12,3.0,2.0,12,1.0,6,1,1.0,35191.76850557656
1003,01,01,1,3,06,1,03,12,3.0,2.0,12,1.0,6,1,1.0,16741.667796151003
1004,03,05,2,2,02,3,02,8,4.0,3.0,8,3.0,2,3,2.0,17018.40698162924
1005,02,03,2,2,02,3,02,14,4.0,3.0,14,3.0,2,2,2.0,0.0
1006,02,07,2,2,02,2,02,14,4.0,3.0,14,2.0,2,2,2.0,47374.59957037601
1007,02,03,2,2,03,2,02,0,4.0,3.0,0,2.0,3,2,2.0,4579.075422706546
1008,01,01,1,3,06,1,03,14,3.0,2.0,14,1.0,6,1,1.0,31820.544427986
1009,03,05,2,2,02,3,02,8,4.0,3.0,8,3.0,2,3,2.0,38737.45998391392
1010,02,03,2,2,02,2,02,0,4.0,3.0,0,2.0,2,2,2.0,0.0
1011,03,05,2,2,02,3,02,8,4.0,3.0,8,3.0,2,3,2.0,1881.6182491600998
1012,04,05,2,2,06,3,01,18,4.0,4.0,18,3.0,6,4,2.0,0.0
1013,24,01,2,4,03,1,03,0,2.0,2.0,0,1.0,3,24,2.0,0.0
1014,01,03,2,3,02,2,02,0,3.0,3.0,0,2.0,2,1,2.0,40056.65224701103
1015,01,01,1,3,06,1,03,14,3.0,2.0,14,1.0,6,1,1.0,52608.23088582967
1016,03,05,2,2,02,3,02,8,4.0,3.0,8,3.0,2,3,2.0,24910.349814657777
1017,01,01,1,3,06,1,03,14,3.0,2.0,14,1.0,6,1,1.0,43452.91791441353
1018,03,05,1,2,07,2,01,0,4.0,4.0,0,2.0,7,3,1.0,0.0
1019,01,01,2,4,04,1,03,15,2.0,2.0,15,1.0,4,1,2.0,13208.051311200345
1020,03,05,2,2,02,3,02,8,4.0,3.0,8,3.0,2,3,2.0,39328.80894905286
1021,02,03,2,2,02,2,02,15,4.0,3.0,15,2.0,2,2,2.0,42579.27457949979
1022,01,01,2,2,04,1,01,0,4.0,4.0,0,1.0,4,1,2.0,19485.716795540644
1023,01,01,1,3,06,1,03,14,3.0,2.0,14,1.0,6,1,1.0,4629.454413949637
1024,01,01,1,3,06,1,03,14,3.0,2.0,14,1.0,6,1,1.0,44075.61445329032
1025,02,05,1,3,04,2,02,13,3.0,3.0,13,2.0,4,2,1.0,0.0
1026,01,01,1,3,06,1,03,14,3.0,2.0,14,1.0,6,1,1.0,36306.33014341332
1027,03,05,2,3,03,2,01,15,3.0,4.0,15,2.0,3,3,2.0,0.0
1028,01,03,2,3,02,2,02,0,3.0,3.0,0,2.0,2,1,2.0,20770.417164281243
1029,03,05,2,3,06,2,03,13,3.0,2.0,13,2.0,6,3,2.0,61866.123839559514
1030,03,05,2,2,02,3,01,13,4.0,4.0,13,3.0,2,3,2.0,22323.84460415216
1031,01,01,2,2,03,1,03,0,4.0,2.0,0,1.0,3,1,2.0,31370.9788527024
1032,03,03,2,3,02,3,01,0,3.0,4.0,0,3.0,2,3,2.0,0.0
1033,03,05,2,2,04,3,01,14,4.0,4.0,14,3.0,4,3,2.0,44.977735079698824
1034,01,01,1,3,09,2,02,14,3.0,3.0,14,2.0,9,1,1.0,26078.98039926269
1035,01,01,1,3,06,1,03,14,3.0,2.0,14,1.0,6,1,1.0,14674.183910347421
1036,24,03,2,2,02,1,03,13,4.0,2.0,13,1.0,2,24,2.0,0.0
1037,03,05,2,2,02,3,02,8,4.0,3.0,8,3.0,2,3,2.0,22913.91790278353
1038,01,01,1,3,06,1,03,14,3.0,2.0,14,1.0,6,1,1.0,15870.804405010367
1039,02,03,2,3,02,2,02,13,3.0,3.0,13,2.0,2,2,2.0,0.0
1040,01,03,2,3,02,2,02,0,3.0,3.0,0,2.0,2,1,2.0,24025.47834117337
1041,03,05,2,2,02,3,02,8,4.0,3.0,8,3.0,2,3,2.0,10853.056229071519
1042,02,03,2,2,02,2,02,15,4.0,3.0,15,2.0,2,2,2.0,45057.69059554804
1043,03,05,2,2,02,3,02,8,4.0,3.0,8,3.0,2,3,2.0,43858.48246208879
1044,03,05,2,2,02,3,02,8,4.0,3.0,8,3.0,2,3,2.0,36621.89272693203
1045,06,05,2,3,02,2,01,10,3.0,4.0,10,2.0,2,6,2.0,0.0
1046,03,05,2,2,02,3,02,8,4.0,3.0,8,3.0,2,3,2.0,25285.455876358592
1047,01,01,2,2,03,1,03,0,4.0,2.0,0,1.0,3,1,2.0,31192.57836186991
1048,01,01,1,3,06,1,03,14,3.0,2.0,14,1.0,6,1,1.0,41772.72713981582
1049,02,03,2,3,02,3,01,0,3.0,4.0,0,3.0,2,2,2.0,0.0
1050,03,05,2,2,02,3,02,8,4.0,3.0,8,3.0,2,3,2.0,29285.724254450637
1051,03,05,2,2,02,3,02,8,4.0,3.0,8,3.0,2,3,2.0,12675.1025320317
1052,01,01,2,3,04,1,02,0,3.0,3.0,0,1.0,4,1,2.0,0.0
1053,03,05,2,2,04,3,02,16,4.0,3.0,16,3.0,4,3,2.0,9303.052056015373
1054,01,01,1,3,06,1,03,14,3.0,2.0,14,1.0,6,1,1.0,3334.1007953584713
1055,01,01,2,4,05,1,03,0,2.0,2.0,0,1.0,5,1,2.0,0.0
1056,01,01,1,3,06,1,03,12,3.0,2.0,12,1.0,6,1,1.0,19038.79688091069
1057,01,01,1,3,06,1,03,14,3.0,2.0,14,1.0,6,1,1.0,38583.82290525688
1058,01,01,1,3,09,2,02,14,3.0,3.0,14,2.0,9,1,1.0,19597.077364208326
1059,02,03,2,2,03,2,02,16,4.0,3.0,16,2.0,3,2,2.0,0.0
1060,03,05,2,2,02,3,02,8,4.0,3.0,8,3.0,2,3,2.0,18266.08084543282
1061,03,03,2,3,02,2,03,9,3.0,2.0,9,2.0,2,3,2.0,0.0
1062,01,01,1,3,07,1,01,9,3.0,4.0,9,1.0,7,1,1.0,0.0
1063,01,01,2,4,03,1,03,0,2.0,2.0,0,1.0,3,1,2.0,58.024255014099715
1064,03,03,2,2,03,2,02,15,4.0,3.0,15,2.0,3,3,2.0,0.0
1065,01,01,2,2,05,1,03,0,4.0,2.0,0,1.0,5,1,2.0,0.0
1066,01,01,2,4,04,2,03,8,2.0,2.0,8,2.0,4,1,2.0,0.0
1067,82,01,1,,07,,,0,3.0,2.0,0,2.0,7,82,1.0,983.0384787456364
1068,02,07,2,2,02,2,02,14,4.0,3.0,14,2.0,2,2,2.0,57290.05727776883
1069,01,01,2,2,03,1,03,0,4.0,2.0,0,1.0,3,1,2.0,27732.288860427365
1070,01,01,1,3,06,1,03,14,3.0,2.0,14,1.0,6,1,1.0,3940.6872434240054
1071,01,01,1,3,06,1,03,14,3.0,2.0,14,1.0,6,1,1.0,48563.962073190654
1072,03,03,1,3,04,1,02,12,3.0,3.0,12,1.0,4,3,1.0,0.0
1073,01,01,1,3,06,1,03,14,3.0,2.0,14,1.0,6,1,1.0,33001.26633111742
1074,02,07,2,2,02,2,02,14,4.0,3.0,14,2.0,2,2,2.0,57525.95808545355
1075,03,05,2,2,02,3,02,8,4.0,3.0,8,3.0,2,3,2.0,32338.68610047562
1076,02,03,2,2,04,2,02,17,4.0,3.0,17,2.0,4,2,2.0,5.057574387751985
1077,03,05,2,2,02,3,02,8,4.0,3.0,8,3.0,2,3,2.0,42121.16255210209
1078,01,01,2,2,04,1,01,0,4.0,4.0,0,1.0,4,1,2.0,20099.31752494057
1079,03,05,2,2,02,3,02,8,4.0,3.0,8,3.0,2,3,2.0,33930.785352304636
1080,01,01,1,3,06,1,03,14,3.0,2.0,14,1.0,6,1,1.0,16781.829038130818
1081,97,,,,01,,,0,3.0,2.0,0,2.0,1,97,2.0,7556.938154807129
1082,01,01,2,2,02,1,02,0,4.0,3.0,0,1.0,2,1,2.0,0.0
1083,01,01,2,3,06,1,03,10,3.0,2.0,10,1.0,6,1,2.0,3738.415030845026
1084,01,01,2,3,05,1,02,11,3.0,3.0,11,1.0,5,1,2.0,17074.472597550142
1085,01,01,1,3,06,1,03,14,3.0,2.0,14,1.0,6,1,1.0,45600.888096210954
1086,01,01,2,4,04,1,03,15,2.0,2.0,15,1.0,4,1,2.0,10604.201755304035
1087,02,03,2,2,04,2,02,0,4.0,3.0,0,2.0,4,2,2.0,0.0
1088,01,01,1,3,06,1,03,14,3.0,2.0,14,1.0,6,1,1.0,39473.589787759556
1089,10,01,2,3,05,1,02,0,3.0,3.0,0,1.0,5,10,2.0,8913.286959674018
1090,01,01,2,2,04,1,01,0,4.0,4.0,0,1.0,4,1,2.0,2392.9311062841402
1091,04,05,2,3,06,3,01,0,3.0,4.0,0,3.0,6,4,2.0,0.0
1092,01,01,1,3,06,1,03,14,3.0,2.0,14,1.0,6,1,1.0,35927.92365528698
1093,01,01,1,3,06,1,03,12,3.0,2.0,12,1.0,6,1,1.0,30423.10325483577
1094,01,01,1,3,06,1,03,14,3.0,2.0,14,1.0,6,1,1.0,19651.4973779991
1095,01,01,1,3,06,1,03,14,3.0,2.0,14,1.0,6,1,1.0,33036.68599638418
1096,01,03,2,3,02,2,02,0,3.0,3.0,0,2.0,2,1,2.0,20802.98449066682
1097,01,01,2,2,03,1,02,11,4.0,3.0,11,1.0,3,1,2.0,0.0
1098,01,01,2,4,05,1,02,14,2.0,3.0,14,1.0,5,1,2.0,0.0
1099,02,03,2,3,02,2,02,0,3.0,3.0,0,2.0,2,2,2.0,0.0
1100,02,03,2,3,02,2,02,0,3.0,3.0,0,2.0,2,2,2.0,0.0
1101,02,03,1,2,08,2,02,0,4.0,3.0,0,2.0,8,2,1.0,0.0
1102,02,01,1,3,08,1,02,0,3.0,3.0,0,1.0,8,2,1.0,0.0
1103,01,01,2,3,04,1,03,0,3.0,2.0,0,1.0,4,1,2.0,3921.401735657776
1104,03,05,2,2,02,3,02,8,4.0,3.0,8,3.0,2,3,2.0,42502.03631257085
1105,03,05,2,2,02,3,02,8,4.0,3.0,8,3.0,2,3,2.0,12720.081494049555
1106,02,07,2,2,02,2,02,14,4.0,3.0,14,2.0,2,2,2.0,55689.07908244189
1107,01,01,2,3,07,1,02,0,3.0,3.0,0,1.0,7,1,2.0,0.0
1108,03,05,2,2,02,3,02,8,4.0,3.0,8,3.0,2,3,2.0,19587.619419597562
1109,01,01,2,3,05,2,02,11,3.0,3.0,11,2.0,5,1,2.0,0.0
1110,01,03,2,3,02,2,02,0,3.0,3.0,0,2.0,2,1,2.0,30008.687614065955
1111,02,03,2,3,05,2,02,0,3.0,3.0,0,2.0,5,2,2.0,0.0
1112,03,05,2,2,04,3,02,16,4.0,3.0,16,3.0,4,3,2.0,17093.87760504125
1113,01,01,2,3,02,2,03,13,3.0,2.0,13,2.0,2,1,2.0,0.0
1114,03,03,2,3,04,2,01,12,3.0,4.0,12,2.0,4,3,2.0,0.0
1115,01,01,2,3,03,2,03,13,3.0,2.0,13,2.0,3,1,2.0,2721.050409343057
1116,02,01,1,3,03,1,03,0,3.0,2.0,0,1.0,3,2,1.0,0.0
1117,02,07,2,2,02,2,02,14,4.0,3.0,14,2.0,2,2,2.0,55126.66673546766
1118,03,05,2,2,02,3,02,8,4.0,3.0,8,3.0,2,3,2.0,28931.879500693212
1119,03,05,2,2,04,3,02,16,4.0,3.0,16,3.0,4,3,2.0,29756.52968333685
1120,93,,,,01,,,0,3.0,2.0,0,2.0,1,93,2.0,0.0
1121,01,01,1,3,06,1,03,14,3.0,2.0,14,1.0,6,1,1.0,20400.672855514844
1122,03,05,2,2,02,3,02,8,4.0,3.0,8,3.0,2,3,2.0,13136.816629139144
1123,02,05,2,2,01,2,02,0,4.0,3.0,0,2.0,1,2,2.0,5.731670597577677
1124,11,03,2,3,07,2,02,14,3.0,3.0,14,2.0,7,11,2.0,0.0
1125,03,05,2,2,02,3,02,8,4.0,3.0,8,3.0,2,3,2.0,25652.351477046963
1126,01,01,2,4,04,1,03,15,2.0,2.0,15,1.0,4,1,2.0,13193.765526955967
1127,02,05,1,2,01,2,02,14,4.0,3.0,14,2.0,1,2,1.0,0.0
1128,03,05,2,2,02,3,02,8,4.0,3.0,8,3.0,2,3,2.0,28858.035277033337
1129,02,03,1,3,07,2,02,17,3.0,3.0,17,2.0,7,2,1.0,1802.178602600055
1130,24,03,2,2,01,2,03,0,4.0,2.0,0,2.0,1,24,2.0,37.422034222202626
1131,01,01,2,2,04,1,01,0,4.0,4.0,0,1.0,4,1,2.0,26793.1894208506
1132,10,03,2,2,07,2,02,9,4.0,3.0,9,2.0,7,10,2.0,0.0
1133,10,01,2,3,05,1,03,10,3.0,2.0,10,1.0,5,10,2.0,0.0
1134,02,03,2,2,02,2,02,15,4.0,3.0,15,2.0,2,2,2.0,16506.09485055241
1135,03,05,2,2,02,3,02,8,4.0,3.0,8,3.0,2,3,2.0,28067.68970893963
1136,02,03,2,2,02,2,02,11,4.0,3.0,11,2.0,2,2,2.0,9836.489576376107
1137,01,01,1,3,06,1,03,14,3.0,2.0,14,1.0,6,1,1.0,25192.734434606613
1138,03,05,2,3,06,2,03,13,3.0,2.0,13,2.0,6,3,2.0,27527.367112729717
1139,01,01,1,3,06,1,03,14,3.0,2.0,14,1.0,6,1,1.0,43870.76269221751
1140,12,03,1,3,06,3,03,13,3.0,2.0,13,3.0,6,12,1.0,0.0
1141,02,07,2,2,02,2,02,14,4.0,3.0,14,2.0,2,2,2.0,56170.30712565462
1142,01,01,1,3,06,1,03,14,3.0,2.0,14,1.0,6,1,1.0,20416.13392445289
1143,82,,,,06,,,0,3.0,2.0,0,2.0,6,82,2.0,0.0
1144,01,01,1,2,05,1,02,0,4.0,3.0,0,1.0,5,1,1.0,0.0
1145,03,07,2,2,06,2,02,15,4.0,3.0,15,2.0,6,3,2.0,0.0
1146,01,03,2,3,02,2,02,0,3.0,3.0,0,2.0,2,1,2.0,4261.908744238613
1147,01,01,1,3,06,1,03,14,3.0,2.0,14,1.0,6,1,1.0,43049.15029594929
1148,01,01,1,3,06,1,03,14,3.0,2.0,14,1.0,6,1,1.0,34814.46895003052
1149,01,01,2,3,06,1,03,0,3.0,2.0,0,1.0,6,1,2.0,0.0
1150,11,03,2,3,03,1,03,10,3.0,2.0,10,1.0,3,11,2.0,0.0
1151,01,01,2,4,03,1,03,0,2.0,2.0,0,1.0,3,1,2.0,0.0
1152,01,01,2,3,08,1,01,0,3.0,4.0,0,1.0,8,1,2.0,0.0
1153,02,07,2,2,02,2,02,14,4.0,3.0,14,2.0,2,2,2.0,59933.805693697606
1154,02,01,2,4,06,1,02,0,2.0,3.0,0,1.0,6,2,2.0,3804.745906819055
1155,03,05,2,2,02,3,02,8,4.0,3.0,8,3.0,2,3,2.0,11675.315253858795
1156,02,03,2,2,03,2,02,0,4.0,3.0,0,2.0,3,2,2.0,5115.271223643005
1157,03,05,2,2,02,3,02,8,4.0,3.0,8,3.0,2,3,2.0,24215.49789150708
1158,01,01,1,3,06,1,03,14,3.0,2.0,14,1.0,6,1,1.0,48563.962073190654
1159,28,01,2,3,07,1,02,0,3.0,3.0,0,1.0,7,28,2.0,0.0
1160,01,01,2,3,05,1,02,11,3.0,3.0,11,1.0,5,1,2.0,9612.615542445637
1161,01,01,1,3,06,1,03,14,3.0,2.0,14,1.0,6,1,1.0,34083.61901303224
1162,01,01,1,3,06,1,03,14,3.0,2.0,14,1.0,6,1,1.0,35216.97990421553
1163,01,01,2,2,05,1,03,11,4.0,2.0,11,1.0,5,1,2.0,2681.4454633492755
1164,02,03,1,2,05,2,02,12,4.0,3.0,12,2.0,5,2,1.0,0.0
1165,02,05,2,2,03,1,02,11,4.0,3.0,11,1.0,3,2,2.0,0.0
1166,03,05,1,2,03,2,01,8,4.0,4.0,8,2.0,3,3,1.0,0.0
1167,01,01,2,4,08,1,02,0,2.0,3.0,0,1.0,8,1,2.0,0.0
1168,02,03,2,3,02,2,02,0,3.0,3.0,0,2.0,2,2,2.0,0.0
1169,03,05,2,2,02,3,02,8,4.0,3.0,8,3.0,2,3,2.0,38815.27067989854
1170,11,05,2,4,04,3,01,0,2.0,4.0,0,3.0,4,11,2.0,0.0
1171,02,05,2,3,02,3,01,10,3.0,4.0,10,3.0,2,2,2.0,0.0
1172,01,01,1,3,06,1,03,14,3.0,2.0,14,1.0,6,1,1.0,40683.19480462585
1173,02,05,2,2,02,2,02,0,4.0,3.0,0,2.0,2,2,2.0,3897.397218195093
1174,02,05,2,4,01,2,01,17,2.0,4.0,17,2.0,1,2,2.0,0.0
1175,03,03,2,3,03,3,02,0,3.0,3.0,0,3.0,3,3,2.0,0.0
1176,03,05,2,3,03,2,02,13,3.0,3.0,13,2.0,3,3,2.0,0.0
1177,01,03,2,3,03,1,02,0,3.0,3.0,0,1.0,3,1,2.0,0.0
1178,12,05,2,3,04,3,02,12,3.0,3.0,12,3.0,4,12,2.0,0.0
1179,01,01,1,3,06,1,03,14,3.0,2.0,14,1.0,6,1,1.0,48563.962073190654
1180,01,01,2,3,02,1,02,0,3.0,3.0,0,1.0,2,1,2.0,66.76975596066751
1181,01,03,2,3,02,2,02,0,3.0,3.0,0,2.0,2,1,2.0,16123.179952642742
1182,02,07,2,2,02,2,02,13,4.0,3.0,13,2.0,2,2,2.0,0.0
1183,01,03,2,3,02,2,02,0,3.0,3.0,0,2.0,2,1,2.0,35282.064498374726
1184,02,05,2,3,01,2,01,13,3.0,4.0,13,2.0,1,2,2.0,0.0
1185,03,05,2,2,04,3,02,16,4.0,3.0,16,3.0,4,3,2.0,17414.607311515847
1186,03,03,2,2,05,2,02,0,4.0,3.0,0,2.0,5,3,2.0,0.0
1187,03,05,2,2,04,3,02,16,4.0,3.0,16,3.0,4,3,2.0,30295.003866658175
1188,03,05,2,2,02,3,02,8,4.0,3.0,8,3.0,2,3,2.0,30671.267089093697
1189,01,01,2,3,05,1,02,0,3.0,3.0,0,1.0,5,1,2.0,23658.258317979908
1190,01,01,1,3,06,1,03,14,3.0,2.0,14,1.0,6,1,1.0,37780.531393217156
1191,01,01,2,3,05,2,02,13,3.0,3.0,13,2.0,5,1,2.0,0.0
1192,01,01,2,2,07,1,02,17,4.0,3.0,17,1.0,7,1,2.0,12654.535431238704
1193,02,07,2,2,02,2,02,14,4.0,3.0,14,2.0,2,2,2.0,46650.86587687292
1194,02,07,2,2,02,2,02,14,4.0,3.0,14,2.0,2,2,2.0,45469.60133555002
1195,02,07,2,2,02,2,02,14,4.0,3.0,14,2.0,2,2,2.0,4491.835738430702
1196,03,03,2,3,03,2,02,14,3.0,3.0,14,2.0,3,3,2.0,0.0
1197,01,01,2,3,06,1,03,0,3.0,2.0,0,1.0,6,1,2.0,0.0
1198,01,01,1,3,06,1,03,14,3.0,2.0,14,1.0,6,1,1.0,38230.87549358514
1199,02,07,2,2,02,2,02,14,4.0,3.0,14,2.0,2,2,2.0,63009.95985241644
1200,01,03,2,3,02,2,02,0,3.0,3.0,0,2.0,2,1,2.0,27393.363747159292
1201,01,01,2,3,05,1,02,0,3.0,3.0,0,1.0,5,1,2.0,21991.134449952722
1202,02,05,2,3,02,2,01,0,3.0,4.0,0,2.0,2,2,2.0,47.11526306191674
1203,02,03,2,2,04,2,02,0,4.0,3.0,0,2.0,4,2,2.0,7697.083273674318
1204,03,03,2,3,02,2,02,11,3.0,3.0,11,2.0,2,3,2.0,0.0
1205,01,01,1,3,06,1,03,12,3.0,2.0,12,1.0,6,1,1.0,16375.893090069421
1206,01,01,1,3,06,1,03,14,3.0,2.0,14,1.0,6,1,1.0,10702.427135811287
1207,01,01,2,2,03,1,03,0,4.0,2.0,0,1.0,3,1,2.0,23419.46333170858
1208,02,03,2,2,02,2,02,15,4.0,3.0,15,2.0,2,2,2.0,19347.10973712473
1209,01,03,1,3,04,1,02,10,3.0,3.0,10,1.0,4,1,1.0,0.0
1210,03,05,2,2,02,3,02,8,4.0,3.0,8,3.0,2,3,2.0,27707.048199920384
1211,01,01,2,4,06,1,02,0,2.0,3.0,0,1.0,6,1,2.0,0.0
1212,02,05,2,2,02,2,02,0,4.0,3.0,0,2.0,2,2,2.0,0.0
1213,01,01,2,3,04,1,03,13,3.0,2.0,13,1.0,4,1,2.0,0.0
1214,03,05,2,2,02,3,02,8,4.0,3.0,8,3.0,2,3,2.0,23902.080569254555
1215,03,05,2,3,06,2,03,13,3.0,2.0,13,2.0,6,3,2.0,41060.885225982674
1216,02,07,2,2,02,2,02,14,4.0,3.0,14,2.0,2,2,2.0,59044.41079774842
1217,02,03,2,2,02,2,02,15,4.0,3.0,15,2.0,2,2,2.0,42579.27457949979
1218,01,01,2,4,04,1,03,15,2.0,2.0,15,1.0,4,1,2.0,16452.365372267453
1219,01,03,2,3,02,2,02,0,3.0,3.0,0,2.0,2,1,2.0,16490.90616252332
1220,02,03,2,2,02,2,02,13,4.0,3.0,13,2.0,2,2,2.0,0.0
1221,02,05,2,4,01,2,01,17,2.0,4.0,17,2.0,1,2,2.0,0.0
1222,01,01,2,2,04,1,01,0,4.0,4.0,0,1.0,4,1,2.0,25377.346826292982
1223,02,03,2,3,01,1,02,0,3.0,3.0,0,1.0,1,2,2.0,0.0
1224,01,01,2,3,05,1,02,11,3.0,3.0,11,1.0,5,1,2.0,17074.472597550142
1225,03,05,2,2,02,3,02,8,4.0,3.0,8,3.0,2,3,2.0,29763.10161143726
1226,03,05,2,2,02,3,02,8,4.0,3.0,8,3.0,2,3,2.0,39473.80716792828
1227,01,01,2,3,02,1,02,0,3.0,3.0,0,1.0,2,1,2.0,0.0
1228,92,,,,01,,,0,3.0,2.0,0,2.0,1,92,2.0,0.0
1229,01,01,2,3,04,1,02,0,3.0,3.0,0,1.0,4,1,2.0,32181.549814841903
1230,01,01,1,3,06,1,03,14,3.0,2.0,14,1.0,6,1,1.0,37154.00360079677
1231,01,01,1,3,06,1,03,14,3.0,2.0,14,1.0,6,1,1.0,37004.52310431416
1232,02,03,2,2,02,2,02,15,4.0,3.0,15,2.0,2,2,2.0,49727.87734823022
1233,01,01,2,3,05,1,02,11,3.0,3.0,11,1.0,5,1,2.0,12784.898194658655
1234,03,05,2,2,02,3,02,8,4.0,3.0,8,3.0,2,3,2.0,33044.27845199763
1235,02,05,2,3,03,3,02,0,3.0,3.0,0,3.0,3,2,2.0,0.0
1236,01,03,2,3,02,2,02,0,3.0,3.0,0,2.0,2,1,2.0,26905.059329164567
1237,01,01,2,2,03,1,03,0,4.0,2.0,0,1.0,3,1,2.0,22824.730458538612
1238,01,01,2,3,04,1,02,0,3.0,3.0,0,1.0,4,1,2.0,30855.60250475667
1239,01,01,2,2,04,1,02,0,4.0,3.0,0,1.0,4,1,2.0,5420.830336510928
1240,01,01,2,2,04,1,01,0,4.0,4.0,0,1.0,4,1,2.0,8423.404601759707
1241,03,05,2,2,02,3,01,13,4.0,4.0,13,3.0,2,3,2.0,26743.422222699042
1242,01,01,1,3,09,2,02,14,3.0,3.0,14,2.0,9,1,1.0,20081.484425906547
1243,03,05,2,3,06,2,03,13,3.0,2.0,13,2.0,6,3,2.0,28494.443474373587
1244,01,01,1,3,06,1,03,12,3.0,2.0,12,1.0,6,1,1.0,37149.70907522848
1245,01,01,1,3,06,1,03,14,3.0,2.0,14,1.0,6,1,1.0,59973.91461277859
1246,02,03,2,2,02,2,02,11,4.0,3.0,11,2.0,2,2,2.0,18032.904225782087
1247,02,03,2,2,02,2,02,11,4.0,3.0,11,2.0,2,2,2.0,6262.401975172584
1248,03,05,2,2,02,3,02,8,4.0,3.0,8,3.0,2,3,2.0,30200.011457933037
1249,03,05,2,2,02,3,01,13,4.0,4.0,13,3.0,2,3,2.0,30794.342648651644
1250,01,01,1,3,06,1,03,14,3.0,2.0,14,1.0,6,1,1.0,21608.148076076428
1251,02,03,2,2,08,2,02,19,4.0,3.0,19,2.0,8,2,2.0,0.0
1252,01,03,2,3,04,3,02,0,3.0,3.0,0,3.0,4,1,2.0,7482.757874248132
1253,01,01,1,3,06,1,03,12,3.0,2.0,12,1.0,6,1,1.0,34687.81254052847
1254,02,07,2,2,02,2,02,14,4.0,3.0,14,2.0,2,2,2.0,63757.16993548467
1255,03,03,2,3,02,2,02,11,3.0,3.0,11,2.0,2,3,2.0,6403.211915417812
1256,03,05,2,2,02,3,02,8,4.0,3.0,8,3.0,2,3,2.0,8407.21703389405
1257,01,01,1,3,06,1,03,14,3.0,2.0,14,1.0,6,1,1.0,12787.413691048285
1258,01,01,1,3,06,1,03,14,3.0,2.0,14,1.0,6,1,1.0,35154.79570431318
1259,02,05,2,2,02,2,02,0,4.0,3.0,0,2.0,2,2,2.0,11992.799569867608
1260,11,05,2,2,06,2,02,7,4.0,3.0,7,2.0,6,11,2.0,0.0
1261,03,05,2,2,02,3,02,8,4.0,3.0,8,3.0,2,3,2.0,9865.108502886276
1262,01,01,1,3,06,1,03,12,3.0,2.0,12,1.0,6,1,1.0,42104.1429574228
1263,01,01,2,2,04,1,02,0,4.0,3.0,0,1.0,4,1,2.0,0.0
1264,02,07,2,2,02,2,02,14,4.0,3.0,14,2.0,2,2,2.0,58812.042217467926
1265,03,05,2,2,02,3,01,13,4.0,4.0,13,3.0,2,3,2.0,19565.660466643152
1266,02,03,1,4,03,2,03,14,2.0,2.0,14,2.0,3,2,1.0,0.0
1267,01,01,2,2,03,1,03,0,4.0,2.0,0,1.0,3,1,2.0,5907.218386506059
1268,24,05,3,2,01,1,02,0,4.0,3.0,0,1.0,1,24,3.0,0.0
1269,01,01,2,4,05,1,02,0,2.0,3.0,0,1.0,5,1,2.0,0.0
1270,01,01,2,3,03,2,03,13,3.0,2.0,13,2.0,3,1,2.0,11361.627677925504
1271,03,05,2,2,02,3,02,8,4.0,3.0,8,3.0,2,3,2.0,27038.760703345888
1272,01,01,2,3,04,1,03,0,3.0,2.0,0,1.0,4,1,2.0,0.0
1273,01,01,2,3,05,1,02,10,3.0,3.0,10,1.0,5,1,2.0,4841.2824398679695
1274,01,01,1,3,06,1,03,14,3.0,2.0,14,1.0,6,1,1.0,43828.95016177394
1275,01,03,2,3,02,2,02,0,3.0,3.0,0,2.0,2,1,2.0,32782.32032257805
1276,03,05,2,2,02,3,02,8,4.0,3.0,8,3.0,2,3,2.0,18095.8313350096
1277,01,01,1,3,06,1,03,14,3.0,2.0,14,1.0,6,1,1.0,56027.0863796749
1278,02,03,2,3,04,3,02,15,3.0,3.0,15,3.0,4,2,2.0,0.0
1279,01,01,1,3,06,1,03,14,3.0,2.0,14,1.0,6,1,1.0,56046.769764230194
1280,01,01,1,3,09,1,03,14,3.0,2.0,14,1.0,9,1,1.0,5538.997410022954
1281,02,03,2,2,03,2,02,0,4.0,3.0,0,2.0,3,2,2.0,0.0
1282,01,01,1,3,06,1,03,14,3.0,2.0,14,1.0,6,1,1.0,21667.29492780658
1283,01,01,1,3,06,1,03,14,3.0,2.0,14,1.0,6,1,1.0,27879.51039209443
1284,01,01,1,3,06,1,03,14,3.0,2.0,14,1.0,6,1,1.0,18461.766219367764
1285,02,05,2,2,02,1,02,17,4.0,3.0,17,1.0,2,2,2.0,8323.497039104943
1286,02,03,2,2,02,2,02,15,4.0,3.0,15,2.0,2,2,2.0,8764.59701275532
1287,03,05,2,2,02,3,02,8,4.0,3.0,8,3.0,2,3,2.0,13496.288642707726
1288,03,05,2,2,05,3,02,18,4.0,3.0,18,3.0,5,3,2.0,0.0
1289,03,05,1,2,06,2,01,10,4.0,4.0,10,2.0,6,3,1.0,0.0
1290,03,05,2,2,04,2,02,0,4.0,3.0,0,2.0,4,3,2.0,0.0
1291,01,01,1,3,06,1,03,14,3.0,2.0,14,1.0,6,1,1.0,24808.661408844273
1292,02,07,2,2,02,2,02,14,4.0,3.0,14,2.0,2,2,2.0,58137.41865300124
1293,02,05,2,3,02,2,03,0,3.0,2.0,0,2.0,2,2,2.0,0.0
1294,02,07,2,2,02,2,02,14,4.0,3.0,14,2.0,2,2,2.0,61277.411581188084
1295,01,01,1,3,06,1,03,14,3.0,2.0,14,1.0,6,1,1.0,35466.295025680985
1296,03,05,2,2,02,3,02,8,4.0,3.0,8,3.0,2,3,2.0,11870.236968632187
1297,02,03,2,2,02,2,02,15,4.0,3.0,15,2.0,2,2,2.0,57783.064260516716
1298,03,05,2,2,02,3,02,8,4.0,3.0,8,3.0,2,3,2.0,31744.614940327436
1299,02,03,2,2,04,2,02,14,4.0,3.0,14,2.0,4,2,2.0,0.0
1300,01,01,1,3,06,1,03,14,3.0,2.0,14,1.0,6,1,1.0,22047.391705315607
1301,01,01,1,3,06,1,03,14,3.0,2.0,14,1.0,6,1,1.0,58920.29794551894
1302,01,01,1,3,06,1,03,14,3.0,2.0,14,1.0,6,1,1.0,53129.22433066273
1303,01,01,1,3,06,1,03,14,3.0,2.0,14,1.0,6,1,1.0,24808.661408844273
1304,97,,,,01,,,0,3.0,2.0,0,2.0,1,97,2.0,2602.641848331795
1305,02,03,2,2,02,2,02,15,4.0,3.0,15,2.0,2,2,2.0,26286.78931879787
1306,03,05,2,3,06,2,02,19,3.0,3.0,19,2.0,6,3,2.0,0.0
1307,03,05,2,3,06,2,03,13,3.0,2.0,13,2.0,6,3,2.0,54803.849910007055
1308,02,07,2,2,02,2,02,14,4.0,3.0,14,2.0,2,2,2.0,4958.800172441856
1309,01,01,2,3,05,1,02,13,3.0,3.0,13,1.0,5,1,2.0,0.0
1310,02,03,1,3,08,2,01,17,3.0,4.0,17,2.0,8,2,1.0,0.0
1311,10,01,2,3,05,1,03,14,3.0,2.0,14,1.0,5,10,2.0,4979.731727356618
1312,01,05,2,3,03,2,02,15,3.0,3.0,15,2.0,3,1,2.0,0.0
1313,02,03,2,3,02,2,01,0,3.0,4.0,0,2.0,2,2,2.0,0.0
1314,11,03,2,2,07,2,02,12,4.0,3.0,12,2.0,7,11,2.0,4442.900355204545
1315,01,01,2,4,09,1,02,0,2.0,3.0,0,1.0,9,1,2.0,6088.1913284614075
1316,01,01,2,3,05,1,01,0,3.0,4.0,0,1.0,5,1,2.0,0.0
1317,02,03,1,2,04,1,02,0,4.0,3.0,0,1.0,4,2,1.0,2028.4494304747793
1318,01,01,2,2,03,1,03,0,4.0,2.0,0,1.0,3,1,2.0,10267.204549237496
1319,01,01,2,4,02,1,03,0,2.0,2.0,0,1.0,2,1,2.0,0.0
1320,01,03,2,3,02,2,02,0,3.0,3.0,0,2.0,2,1,2.0,23274.13280454011
1321,01,01,1,2,09,2,02,17,4.0,3.0,17,2.0,9,1,1.0,5362.334258141443
1322,03,05,2,2,02,2,02,16,4.0,3.0,16,2.0,2,3,2.0,17884.47296683557
1323,02,03,2,2,02,2,02,11,4.0,3.0,11,2.0,2,2,2.0,55528.99542726494
1324,02,01,2,4,09,1,02,0,2.0,3.0,0,1.0,9,2,2.0,20871.635022619226
1325,01,01,2,3,05,2,02,11,3.0,3.0,11,2.0,5,1,2.0,0.0
1326,02,03,2,2,02,2,02,11,4.0,3.0,11,2.0,2,2,2.0,45516.41154830799
1327,03,05,2,2,02,3,02,8,4.0,3.0,8,3.0,2,3,2.0,24549.711745488537
1328,03,05,2,2,02,3,02,8,4.0,3.0,8,3.0,2,3,2.0,32238.3770365473
1329,02,03,1,3,07,2,02,17,3.0,3.0,17,2.0,7,2,1.0,2309.751899326086
1330,03,03,2,2,03,2,02,14,4.0,3.0,14,2.0,3,3,2.0,0.0
1331,03,05,2,2,02,3,02,8,4.0,3.0,8,3.0,2,3,2.0,46457.85911307437
1332,02,03,2,2,02,2,02,15,4.0,3.0,15,2.0,2,2,2.0,42409.997227478234
1333,01,01,1,2,08,1,03,21,4.0,2.0,21,1.0,8,1,1.0,10083.9188672926
1334,01,01,1,3,06,1,03,14,3.0,2.0,14,1.0,6,1,1.0,48563.962073190654
1335,02,03,2,3,05,2,02,0,3.0,3.0,0,2.0,5,2,2.0,0.0
1336,02,03,2,3,03,2,02,0,3.0,3.0,0,2.0,3,2,2.0,0.0
1337,02,05,2,2,02,2,02,0,4.0,3.0,0,2.0,2,2,2.0,0.0
1338,03,05,2,2,02,3,02,8,4.0,3.0,8,3.0,2,3,2.0,42764.68244060585
1339,02,05,2,2,02,2,02,0,4.0,3.0,0,2.0,2,2,2.0,16724.929836997333
1340,01,01,1,3,06,1,03,14,3.0,2.0,14,1.0,6,1,1.0,30738.471492802986
1341,03,05,2,2,04,3,02,16,4.0,3.0,16,3.0,4,3,2.0,21933.536397077
1342,12,03,3,3,01,1,02,13,3.0,3.0,13,1.0,1,12,3.0,0.0
1343,01,01,2,2,04,1,02,0,4.0,3.0,0,1.0,4,1,2.0,0.0
1344,03,03,2,3,02,3,02,0,3.0,3.0,0,3.0,2,3,2.0,0.0
1345,82,01,,,03,,,0,3.0,2.0,0,2.0,3,82,2.0,4754.321553684596
1346,01,01,2,3,07,1,02,13,3.0,3.0,13,1.0,7,1,2.0,0.0
1347,01,01,1,2,08,1,03,21,4.0,2.0,21,1.0,8,1,1.0,15356.182955581786
1348,02,03,2,2,02,2,02,11,4.0,3.0,11,2.0,2,2,2.0,22053.740581307768
1349,01,01,1,3,06,1,03,12,3.0,2.0,12,1.0,6,1,1.0,9047.015887915057
1350,01,01,1,3,06,1,03,14,3.0,2.0,14,1.0,6,1,1.0,32865.20132340774
1351,01,01,2,3,05,1,02,15,3.0,3.0,15,1.0,5,1,2.0,0.0
1352,03,05,2,2,02,3,02,8,4.0,3.0,8,3.0,2,3,2.0,36681.73084023745
1353,01,01,1,3,06,1,03,14,3.0,2.0,14,1.0,6,1,1.0,26774.95761063941
1354,02,01,2,3,04,1,02,0,3.0,3.0,0,1.0,4,2,2.0,0.0
1355,02,07,2,3,02,1,02,16,3.0,3.0,16,1.0,2,2,2.0,0.0
1356,02,03,2,2,04,2,02,0,4.0,3.0,0,2.0,4,2,2.0,0.0
1357,03,05,2,2,02,3,01,13,4.0,4.0,13,3.0,2,3,2.0,17672.69760273461
1358,01,01,2,4,05,1,01,0,2.0,4.0,0,1.0,5,1,2.0,0.0
1359,03,03,2,2,07,3,02,18,4.0,3.0,18,3.0,7,3,2.0,0.0
1360,01,01,2,3,07,1,02,0,3.0,3.0,0,1.0,7,1,2.0,0.0
1361,03,05,2,2,02,3,02,8,4.0,3.0,8,3.0,2,3,2.0,9553.525329049487
1362,01,01,2,3,07,1,02,0,3.0,3.0,0,1.0,7,1,2.0,0.0
1363,01,01,2,3,04,1,02,0,3.0,3.0,0,1.0,4,1,2.0,35150.524848605404
1364,11,03,2,3,05,2,02,15,3.0,3.0,15,2.0,5,11,2.0,0.0
1365,01,01,2,3,05,1,02,11,3.0,3.0,11,1.0,5,1,2.0,7944.142551901454
1366,02,01,1,3,06,2,02,0,3.0,3.0,0,2.0,6,2,1.0,0.0
1367,03,05,2,2,02,3,02,8,4.0,3.0,8,3.0,2,3,2.0,42272.24165183021
1368,01,01,2,3,04,1,02,0,3.0,3.0,0,1.0,4,1,2.0,35403.3916564197
1369,02,05,2,2,02,2,02,0,4.0,3.0,0,2.0,2,2,2.0,10943.956884748006
1370,02,01,2,3,02,1,03,6,3.0,2.0,6,1.0,2,2,2.0,844.7384296624243
1371,01,01,1,3,06,1,03,12,3.0,2.0,12,1.0,6,1,1.0,17239.150470093256
1372,01,03,2,3,02,2,02,0,3.0,3.0,0,2.0,2,1,2.0,30682.887899931742
1373,01,01,1,3,06,1,03,14,3.0,2.0,14,1.0,6,1,1.0,57114.193426764636
1374,02,05,3,3,02,1,01,14,3.0,4.0,14,1.0,2,2,3.0,0.0
1375,03,05,2,2,02,3,02,8,4.0,3.0,8,3.0,2,3,2.0,3360.2729338132885
1376,03,05,2,2,04,3,02,16,4.0,3.0,16,3.0,4,3,2.0,12480.080116682355
1377,03,05,2,2,04,3,02,16,4.0,3.0,16,3.0,4,3,2.0,20433.163231019495
1378,03,05,2,2,02,3,02,8,4.0,3.0,8,3.0,2,3,2.0,15973.386117165235
1379,03,05,2,2,02,3,01,13,4.0,4.0,13,3.0,2,3,2.0,16850.898616622628
1380,03,05,2,2,02,3,02,8,4.0,3.0,8,3.0,2,3,2.0,10723.149596185285
1381,01,01,2,2,07,1,02,0,4.0,3.0,0,1.0,7,1,2.0,0.0
1382,01,01,1,3,06,1,03,14,3.0,2.0,14,1.0,6,1,1.0,33585.90580657815
1383,03,05,2,2,04,3,02,16,4.0,3.0,16,3.0,4,3,2.0,28418.629662274892
1384,01,01,2,3,04,1,01,0,3.0,4.0,0,1.0,4,1,2.0,0.0
1385,01,01,1,3,06,1,03,14,3.0,2.0,14,1.0,6,1,1.0,20330.21195750747
1386,01,01,1,3,06,1,03,14,3.0,2.0,14,1.0,6,1,1.0,48563.962073190654
1387,01,01,2,2,04,1,01,0,4.0,4.0,0,1.0,4,1,2.0,21393.844397502045
1388,02,03,2,3,03,2,02,0,3.0,3.0,0,2.0,3,2,2.0,0.0
1389,01,01,2,2,04,1,02,0,4.0,3.0,0,1.0,4,1,2.0,0.0
1390,02,07,2,2,02,2,02,14,4.0,3.0,14,2.0,2,2,2.0,59066.002025277005
1391,01,01,1,3,06,1,03,14,3.0,2.0,14,1.0,6,1,1.0,53770.644614075994
1392,06,05,2,2,05,3,02,18,4.0,3.0,18,3.0,5,6,2.0,0.0
1393,03,05,2,2,07,3,01,20,4.0,4.0,20,3.0,7,3,2.0,0.0
1394,01,01,2,2,03,1,02,0,4.0,3.0,0,1.0,3,1,2.0,0.0
1395,03,05,2,2,02,3,02,8,4.0,3.0,8,3.0,2,3,2.0,34809.83156239619
1396,01,01,2,2,04,2,02,12,4.0,3.0,12,2.0,4,1,2.0,0.0
1397,01,01,2,3,04,1,02,0,3.0,3.0,0,1.0,4,1,2.0,20693.486512329335
1398,01,01,2,2,03,1,03,0,4.0,2.0,0,1.0,3,1,2.0,30407.652433953284
1399,11,05,2,2,03,2,02,14,4.0,3.0,14,2.0,3,11,2.0,11.430611812656245
1400,03,05,2,2,02,3,02,8,4.0,3.0,8,3.0,2,3,2.0,19313.45879526706
1401,01,01,2,3,04,1,02,0,3.0,3.0,0,1.0,4,1,2.0,14439.89746377169
1402,01,01,1,3,06,1,03,14,3.0,2.0,14,1.0,6,1,1.0,21800.225176109496
1403,03,05,2,2,02,3,02,8,4.0,3.0,8,3.0,2,3,2.0,37901.18980809602
1404,02,07,2,2,02,2,02,14,4.0,3.0,14,2.0,2,2,2.0,63444.44577854815
1405,01,01,1,3,06,1,03,14,3.0,2.0,14,1.0,6,1,1.0,49947.42142483831
1406,01,01,1,3,06,1,03,14,3.0,2.0,14,1.0,6,1,1.0,43196.11367831425
1407,02,03,2,2,03,2,02,0,4.0,3.0,0,2.0,3,2,2.0,2669.0768499411174
1408,01,01,1,3,06,1,03,14,3.0,2.0,14,1.0,6,1,1.0,51467.76186903616
1409,03,05,2,2,02,3,02,8,4.0,3.0,8,3.0,2,3,2.0,38817.7906524096
1410,02,03,2,3,02,1,02,15,3.0,3.0,15,1.0,2,2,2.0,0.0
1411,03,05,2,2,02,3,02,8,4.0,3.0,8,3.0,2,3,2.0,43677.79011097753
1412,03,05,2,2,02,3,02,8,4.0,3.0,8,3.0,2,3,2.0,20126.21077990337
1413,03,05,2,2,02,3,02,8,4.0,3.0,8,3.0,2,3,2.0,20903.771934979413
1414,03,05,2,2,02,3,02,8,4.0,3.0,8,3.0,2,3,2.0,25652.351477046963
1415,03,05,2,2,02,3,02,8,4.0,3.0,8,3.0,2,3,2.0,17802.93285238495
1416,02,07,2,2,02,2,02,14,4.0,3.0,14,2.0,2,2,2.0,64064.70988795149
1417,02,03,2,2,02,2,02,11,4.0,3.0,11,2.0,2,2,2.0,45932.88369964827
1418,01,01,1,3,06,1,03,12,3.0,2.0,12,1.0,6,1,1.0,44399.15235708202
1419,02,07,2,2,02,2,02,14,4.0,3.0,14,2.0,2,2,2.0,48100.87787475164
1420,02,07,2,2,02,2,02,14,4.0,3.0,14,2.0,2,2,2.0,57209.264217548574
1421,02,07,2,2,02,2,02,14,4.0,3.0,14,2.0,2,2,2.0,54703.213522186445
1422,02,07,2,2,02,2,02,14,4.0,3.0,14,2.0,2,2,2.0,39775.82417261776
1423,01,01,2,2,03,1,03,0,4.0,2.0,0,1.0,3,1,2.0,42872.25392563662
1424,01,01,2,2,03,1,03,0,4.0,2.0,0,1.0,3,1,2.0,51590.7832778777
1425,02,05,2,2,03,2,02,0,4.0,3.0,0,2.0,3,2,2.0,0.0
1426,02,07,2,2,02,2,02,14,4.0,3.0,14,2.0,2,2,2.0,41320.52670316398
1427,01,01,1,3,06,1,03,12,3.0,2.0,12,1.0,6,1,1.0,33785.22663553686
1428,03,05,2,2,04,3,02,16,4.0,3.0,16,3.0,4,3,2.0,15228.728197996661
1429,82,01,,,07,,,0,3.0,2.0,0,2.0,7,82,2.0,12425.265010364925
1430,01,01,1,3,06,1,03,12,3.0,2.0,12,1.0,6,1,1.0,32130.96185872652
1431,01,01,2,3,04,1,02,0,3.0,3.0,0,1.0,4,1,2.0,32855.101144819615
1432,01,01,2,2,03,1,03,0,4.0,2.0,0,1.0,3,1,2.0,36409.69052403271
1433,02,05,2,2,02,2,02,0,4.0,3.0,0,2.0,2,2,2.0,1115.0088973166526
1434,01,01,2,2,04,1,03,0,4.0,2.0,0,1.0,4,1,2.0,0.0
1435,01,01,1,3,06,1,03,14,3.0,2.0,14,1.0,6,1,1.0,28554.924126826776
1436,01,01,1,3,06,1,03,14,3.0,2.0,14,1.0,6,1,1.0,34363.41679242496
1437,03,05,2,2,02,3,01,13,4.0,4.0,13,3.0,2,3,2.0,27505.851006764784
1438,03,05,2,2,04,3,02,16,4.0,3.0,16,3.0,4,3,2.0,22058.48869883395
1439,01,03,2,3,02,2,02,0,3.0,3.0,0,2.0,2,1,2.0,20997.333549820378
1440,03,05,2,2,04,3,02,16,4.0,3.0,16,3.0,4,3,2.0,17668.065420768
1441,01,01,2,3,05,1,02,11,3.0,3.0,11,1.0,5,1,2.0,17673.2821985719
1442,01,01,2,3,03,2,03,13,3.0,2.0,13,2.0,3,1,2.0,18050.09930456709
1443,01,01,2,3,05,1,02,0,3.0,3.0,0,1.0,5,1,2.0,15193.873182357402
1444,01,01,2,3,03,2,03,13,3.0,2.0,13,2.0,3,1,2.0,331.03256874458793
1445,02,05,2,2,02,2,02,0,4.0,3.0,0,2.0,2,2,2.0,14956.347518006454
1446,03,03,2,3,02,2,02,11,3.0,3.0,11,2.0,2,3,2.0,1352.5775814909362
1447,02,01,2,3,04,1,03,13,3.0,2.0,13,1.0,4,2,2.0,2514.1520294055263
1448,01,01,1,3,06,1,03,14,3.0,2.0,14,1.0,6,1,1.0,16933.235880250253
1449,01,01,1,3,06,1,03,12,3.0,2.0,12,1.0,6,1,1.0,15111.753517430443
1450,01,01,2,2,04,1,01,0,4.0,4.0,0,1.0,4,1,2.0,10827.756179829059
1451,01,01,1,3,06,1,03,12,3.0,2.0,12,1.0,6,1,1.0,9047.015887915057
1452,01,01,1,3,06,1,03,14,3.0,2.0,14,1.0,6,1,1.0,16857.92854378143
1453,01,01,2,3,04,1,03,0,3.0,2.0,0,1.0,4,1,2.0,490.5809331358187
1454,01,01,2,4,04,1,03,15,2.0,2.0,15,1.0,4,1,2.0,8640.90320488436
1455,01,01,2,3,05,1,02,10,3.0,3.0,10,1.0,5,1,2.0,8441.755610908473
1456,01,01,2,2,05,1,03,0,4.0,2.0,0,1.0,5,1,2.0,0.0
1457,03,03,2,2,06,2,02,12,4.0,3.0,12,2.0,6,3,2.0,0.0
1458,02,05,2,3,01,2,02,14,3.0,3.0,14,2.0,1,2,2.0,4.4226646383333525
1459,02,05,2,3,01,2,02,14,3.0,3.0,14,2.0,1,2,2.0,0.0
1460,03,05,2,3,03,2,01,15,3.0,4.0,15,2.0,3,3,2.0,0.0
1461,11,03,2,2,02,2,02,0,4.0,3.0,0,2.0,2,11,2.0,0.0
1462,06,07,2,2,01,1,03,14,4.0,2.0,14,1.0,1,6,2.0,0.0
1463,01,01,3,4,04,1,03,0,2.0,2.0,0,1.0,4,1,3.0,0.0
1464,10,01,1,3,01,1,03,12,3.0,2.0,12,1.0,1,10,1.0,0.0
1465,10,01,1,3,07,1,02,10,3.0,3.0,10,1.0,7,10,1.0,0.0
1466,01,05,3,2,01,1,02,0,4.0,3.0,0,1.0,1,1,3.0,0.0
1467,11,03,2,2,03,2,02,10,4.0,3.0,10,2.0,3,11,2.0,0.0
1468,02,03,2,3,03,2,01,0,3.0,4.0,0,2.0,3,2,2.0,0.0
1469,02,03,2,3,03,2,01,18,3.0,4.0,18,2.0,3,2,2.0,0.0
1470,01,01,2,3,05,1,02,0,3.0,3.0,0,1.0,5,1,2.0,0.0
1471,01,01,2,3,04,1,02,0,3.0,3.0,0,1.0,4,1,2.0,0.0
1472,01,01,2,3,05,3,02,12,3.0,3.0,12,3.0,5,1,2.0,0.0
1473,01,01,2,3,05,1,02,10,3.0,3.0,10,1.0,5,1,2.0,0.0
1474,02,03,2,2,02,2,02,0,4.0,3.0,0,2.0,2,2,2.0,0.0
1475,01,01,2,4,05,1,02,0,2.0,3.0,0,1.0,5,1,2.0,0.0
1476,01,01,2,2,04,1,02,0,4.0,3.0,0,1.0,4,1,2.0,0.0
1477,01,01,2,2,05,1,02,0,4.0,3.0,0,1.0,5,1,2.0,0.0
1478,02,03,2,3,05,2,02,11,3.0,3.0,11,2.0,5,2,2.0,0.0
1479,01,01,2,2,03,1,02,0,4.0,3.0,0,1.0,3,1,2.0,0.0
1480,02,03,2,2,06,2,02,0,4.0,3.0,0,2.0,6,2,2.0,0.0
1481,02,01,2,3,07,1,02,0,3.0,3.0,0,1.0,7,2,2.0,0.0
1482,01,01,2,4,07,1,03,0,2.0,2.0,0,1.0,7,1,2.0,0.0
1483,03,03,2,2,06,2,02,0,4.0,3.0,0,2.0,6,3,2.0,0.0
1484,10,01,2,3,06,1,03,12,3.0,2.0,12,1.0,6,10,2.0,0.0
1485,02,03,2,2,04,2,02,13,4.0,3.0,13,2.0,4,2,2.0,0.0
1486,02,03,1,2,08,2,02,0,4.0,3.0,0,2.0,8,2,1.0,0.0
1487,01,01,1,4,08,1,03,0,2.0,2.0,0,1.0,8,1,1.0,0.0
1488,01,03,1,3,08,2,02,12,3.0,3.0,12,2.0,8,1,1.0,0.0
1489,11,03,2,2,05,2,03,14,4.0,2.0,14,2.0,5,11,2.0,0.0
1490,03,05,2,2,04,2,02,18,4.0,3.0,18,2.0,4,3,2.0,0.0
1491,82,,,,01,,,0,3.0,2.0,0,2.0,1,82,2.0,0.0
1492,02,05,2,2,02,2,02,0,4.0,3.0,0,2.0,2,2,2.0,14981.746489776759
1493,02,05,2,2,02,2,02,0,4.0,3.0,0,2.0,2,2,2.0,11969.260873869687
1494,02,05,2,2,02,2,02,0,4.0,3.0,0,2.0,2,2,2.0,13715.334864410108
1495,03,05,2,2,07,3,01,0,4.0,4.0,0,3.0,7,3,2.0,6030.786355501535
1496,01,01,2,3,07,1,02,12,3.0,3.0,12,1.0,7,1,2.0,594.5030563225238
1497,03,05,1,3,06,3,01,20,3.0,4.0,20,3.0,6,3,1.0,0.0
1498,03,05,1,3,06,3,01,10,3.0,4.0,10,3.0,6,3,1.0,14.466037474883189
1499,02,03,1,3,05,2,01,18,3.0,4.0,18,2.0,5,2,1.0,151.10535926779073
1500,02,03,2,2,01,2,02,14,4.0,3.0,14,2.0,1,2,2.0,0.0
1501,01,03,2,3,02,1,02,0,3.0,3.0,0,1.0,2,1,2.0,0.0
1502,02,05,2,2,02,2,02,15,4.0,3.0,15,2.0,2,2,2.0,1989.3196057371167
1503,02,03,2,2,02,2,02,9,4.0,3.0,9,2.0,2,2,2.0,2575.818125076879
1504,01,01,1,3,06,1,03,14,3.0,2.0,14,1.0,6,1,1.0,46447.748981579876
1505,02,03,2,2,04,2,02,15,4.0,3.0,15,2.0,4,2,2.0,2606.9979433138656
1506,03,05,2,2,02,2,02,16,4.0,3.0,16,2.0,2,3,2.0,24398.650909884298
1507,02,07,2,3,01,1,02,0,3.0,3.0,0,1.0,1,2,2.0,0.0
1508,01,01,1,3,06,1,03,14,3.0,2.0,14,1.0,6,1,1.0,10419.22292003023
1509,03,05,2,2,02,2,02,14,4.0,3.0,14,2.0,2,3,2.0,0.0
1510,02,03,2,2,04,2,02,23,4.0,3.0,23,2.0,4,2,2.0,834.5801999173973
1511,93,,,,01,,,0,3.0,2.0,0,2.0,1,93,2.0,0.0
1512,01,01,2,2,03,1,02,0,4.0,3.0,0,1.0,3,1,2.0,0.0
1513,02,07,2,3,01,3,01,17,3.0,4.0,17,3.0,1,2,2.0,187.80625764731153
1514,02,05,2,2,02,2,02,15,4.0,3.0,15,2.0,2,2,2.0,17305.071448489907
1515,03,03,2,3,03,2,01,0,3.0,4.0,0,2.0,3,3,2.0,0.0
1516,02,03,2,2,02,2,02,9,4.0,3.0,9,2.0,2,2,2.0,10458.493555142362
1517,01,01,1,3,06,1,03,14,3.0,2.0,14,1.0,6,1,1.0,37727.272791467614
1518,82,01,2,,03,,,0,3.0,2.0,0,2.0,3,82,2.0,0.0
1519,03,03,2,3,04,2,01,17,3.0,4.0,17,2.0,4,3,2.0,0.0
1520,01,01,2,4,01,3,01,19,2.0,4.0,19,3.0,1,1,2.0,0.0
1521,02,03,1,2,01,2,03,15,4.0,2.0,15,2.0,1,2,1.0,0.0
1522,11,05,2,2,02,2,02,13,4.0,3.0,13,2.0,2,11,2.0,0.0
1523,03,03,2,3,02,2,01,0,3.0,4.0,0,2.0,2,3,2.0,0.0
1524,02,03,2,3,03,1,02,0,3.0,3.0,0,1.0,3,2,2.0,0.0
1525,02,05,2,3,01,2,02,0,3.0,3.0,0,2.0,1,2,2.0,0.0
1526,82,01,,,06,,,0,3.0,2.0,0,2.0,6,82,2.0,0.0
1527,03,05,2,2,05,2,02,0,4.0,3.0,0,2.0,5,3,2.0,0.0
1528,02,05,2,2,04,1,02,0,4.0,3.0,0,1.0,4,2,2.0,1962.5589560632598
1529,05,03,2,2,03,2,02,0,4.0,3.0,0,2.0,3,5,2.0,0.0
1530,10,01,2,3,02,1,02,11,3.0,3.0,11,1.0,2,10,2.0,0.0
1531,01,01,2,3,04,1,02,0,3.0,3.0,0,1.0,4,1,2.0,0.0
1532,03,03,2,3,03,2,02,14,3.0,3.0,14,2.0,3,3,2.0,0.0
1533,25,03,2,3,05,1,03,0,3.0,2.0,0,1.0,5,25,2.0,0.0
1534,01,01,1,2,07,1,02,15,4.0,3.0,15,1.0,7,1,1.0,0.0
1535,02,03,1,2,05,2,03,15,4.0,2.0,15,2.0,5,2,1.0,0.0
1536,10,01,2,3,07,1,03,16,3.0,2.0,16,1.0,7,10,2.0,0.0
1537,03,05,2,2,02,3,02,8,4.0,3.0,8,3.0,2,3,2.0,43745.69926147562
1538,01,01,2,3,04,1,03,0,3.0,2.0,0,1.0,4,1,2.0,0.0
1539,01,01,1,3,06,1,03,14,3.0,2.0,14,1.0,6,1,1.0,25943.54418782006
1540,03,05,2,2,03,3,02,14,4.0,3.0,14,3.0,3,3,2.0,0.0
1541,11,03,1,2,09,2,01,12,4.0,4.0,12,2.0,9,11,1.0,0.0
1542,02,05,2,3,02,2,02,2,3.0,3.0,2,2.0,2,2,2.0,61.02144861100052
1543,02,05,2,3,01,1,02,13,3.0,3.0,13,1.0,1,2,2.0,0.0
1544,01,01,1,2,07,1,02,15,4.0,3.0,15,1.0,7,1,1.0,0.0
1545,02,01,2,3,01,1,02,0,3.0,3.0,0,1.0,1,2,2.0,0.0
1546,02,01,2,2,05,1,02,0,4.0,3.0,0,1.0,5,2,2.0,0.0
1547,02,03,2,2,02,2,02,9,4.0,3.0,9,2.0,2,2,2.0,10141.944182159463
1548,02,05,2,2,02,3,02,0,4.0,3.0,0,3.0,2,2,2.0,0.8531426891923474
1549,03,03,2,2,04,3,02,0,4.0,3.0,0,3.0,4,3,2.0,0.0
1550,02,05,2,2,04,2,02,0,4.0,3.0,0,2.0,4,2,2.0,0.0
1551,01,03,2,3,02,2,02,0,3.0,3.0,0,2.0,2,1,2.0,26689.995753868956
1552,03,05,2,2,02,3,02,8,4.0,3.0,8,3.0,2,3,2.0,41570.43609039424
1553,02,03,2,2,04,3,02,20,4.0,3.0,20,3.0,4,2,2.0,0.0
1554,01,01,2,3,05,1,02,13,3.0,3.0,13,1.0,5,1,2.0,0.0
1555,01,01,2,3,02,1,03,12,3.0,2.0,12,1.0,2,1,2.0,14036.19307769857
1556,03,07,2,2,02,3,03,13,4.0,2.0,13,3.0,2,3,2.0,0.0
1557,01,01,2,3,07,1,02,0,3.0,3.0,0,1.0,7,1,2.0,0.0
1558,10,01,2,3,07,1,03,14,3.0,2.0,14,1.0,7,10,2.0,0.0
1559,03,03,2,3,02,3,01,9,3.0,4.0,9,3.0,2,3,2.0,0.0
1560,01,01,1,3,06,1,03,14,3.0,2.0,14,1.0,6,1,1.0,45529.90928387836
1561,02,03,2,2,04,2,02,0,4.0,3.0,0,2.0,4,2,2.0,0.0
1562,03,05,2,2,02,3,02,8,4.0,3.0,8,3.0,2,3,2.0,38613.02829890775
1563,01,01,2,3,06,1,03,0,3.0,2.0,0,1.0,6,1,2.0,0.0
1564,01,01,1,4,06,1,01,18,2.0,4.0,18,1.0,6,1,1.0,0.0
1565,03,05,2,3,03,2,02,0,3.0,3.0,0,2.0,3,3,2.0,0.0
1566,01,03,2,4,01,1,02,0,2.0,3.0,0,1.0,1,1,2.0,0.0
1567,02,03,2,2,04,2,02,0,4.0,3.0,0,2.0,4,2,2.0,6052.95118355061
1568,03,03,2,3,02,2,01,18,3.0,4.0,18,2.0,2,3,2.0,0.0
1569,02,03,1,2,01,2,02,15,4.0,3.0,15,2.0,1,2,1.0,0.0
1570,01,03,2,3,02,2,02,0,3.0,3.0,0,2.0,2,1,2.0,23181.355865210662
1571,01,01,1,3,06,1,03,14,3.0,2.0,14,1.0,6,1,1.0,50320.78736484442
1572,01,01,2,2,07,1,03,14,4.0,2.0,14,1.0,7,1,2.0,14694.652862620242
1573,01,01,1,3,06,1,03,14,3.0,2.0,14,1.0,6,1,1.0,34629.63964248458
1574,03,05,2,2,02,3,02,8,4.0,3.0,8,3.0,2,3,2.0,38635.28163991628
1575,01,01,1,3,06,1,03,14,3.0,2.0,14,1.0,6,1,1.0,57001.49276381852
1576,01,01,1,3,06,1,03,12,3.0,2.0,12,1.0,6,1,1.0,22153.679784725915
1577,01,01,2,2,03,1,03,0,4.0,2.0,0,1.0,3,1,2.0,31732.06490888145
1578,03,05,2,2,02,3,02,8,4.0,3.0,8,3.0,2,3,2.0,39403.036124001876
1579,01,01,1,3,06,1,03,14,3.0,2.0,14,1.0,6,1,1.0,27092.40720997312
1580,02,07,2,3,04,3,02,16,3.0,3.0,16,3.0,4,2,2.0,0.0
1581,02,03,2,2,05,2,02,15,4.0,3.0,15,2.0,5,2,2.0,0.0
1582,82,01,2,,05,1,,0,3.0,2.0,0,1.0,5,82,2.0,3508.299862783629
1583,02,03,2,2,04,2,02,0,4.0,3.0,0,2.0,4,2,2.0,6838.091056722594
1584,03,03,2,3,03,3,01,0,3.0,4.0,0,3.0,3,3,2.0,0.0
1585,01,01,2,3,03,1,02,14,3.0,3.0,14,1.0,3,1,2.0,0.0
1586,02,03,2,2,03,2,02,16,4.0,3.0,16,2.0,3,2,2.0,0.0
1587,01,01,2,3,07,1,02,0,3.0,3.0,0,1.0,7,1,2.0,0.0
1588,02,03,2,3,08,2,01,10,3.0,4.0,10,2.0,8,2,2.0,1898.6762302496622
